CMTE_ID,CMTE_NM,CMTE_CITY,CMTE_ST,CMTE_ZIP,CAND_ID,FEC_ELECTION_YR
C00675108,JOE MORELLE FOR CONGRESS,ROCHESTER,NY,14609,H8NY25105,2020
C00575050,LAHOOD FOR CONGRESS,PEORIA,IL,61612,H6IL18088,2020
C00575092,FRIENDS OF RAJA FOR CONGRESS,SCHAUMBURG,IL,60168,H6IL08147,2020
C00575126,JAMIE RASKIN FOR CONGRESS,TAKOMA PARK,MD,20913,H6MD08457,2020
C00269837,HASTINGS FOR CONGRESS,FT. LAUDERDALE,FL,33310,H2FL23021,2020
C00674259,DR JOHN JOYCE FOR CONGRESS,ALTOONA,PA,16602,H8PA13125,2020
C00701755,JOY FOR NY,CLIFTON PARK,NY,12065,H0NY20111,2020
C00701722,SIEDENBUEHL FOR CONGRESS,MEDIA,PA,19063,H0PA06142,2020
C00700575,TOM GALLAGHER -- CONGRESS -- 2020,SAN FRANCISCO,CA,94110,H0CA12129,2020
C00710053,FRIENDS OF JOHN FLORA,JERSEY CITY,NJ,7305,H0NJ10190,2020
C00639872,ADRIENNE BELL 2018,PEARLAND,TX,77584,H8TX14120,2020
C00698274,CITIZENS FOR SAM BRANSCUM,DEERFIELD,MI,49238,H0MI07127,2020
C00698555,PHIL SHEPARD FOR CONGRESS,JACKSONVILLE,NC,28540,H0NC03230,2020
C00698993,EHR FOR CONGRESS,PENSACOLA,FL,32503,H8FL01107,2020
C00699538,"RICHARD MENDELSON FOR CONGRESS, INC",COOPER CITY,FL,33330,H0FL23066,2020
C00699694,WILLIAM OLSON FOR CONGRESS,DAVENPORT,FL,33837,H0FL09081,2020
C00258855,VOLUNTEERS FOR SHIMKUS,COLLINSVILLE,IL,622340661,H2IL20042,2020
C00461061,BERA FOR CONGRESS,ELK GROVE,CA,95758,H0CA03078,2020
C00479063,THE BILL KEATING COMMITTEE,BUZZARDS BAY,MA,2532,H0MA10082,2020
C00466516,GIBBS FOR CONGRESS,LAKEVILLE,OH,44638,H0OH18077,2020
C00502179,MARK POCAN FOR CONGRESS,MADISON,WI,53701,H2WI02124,2020
C00503052,JEFFRIES FOR CONGRESS,WASHINGTON,DC,20008,H2NY10092,2020
C00510164,PATRIOTS FOR PERRY,NEW CUMBERLAND,PA,17070,H2PA04135,2020
C00516666,GRACE FOR NEW YORK,FRESH MEADOWS,NY,11365,H2NY06116,2020
C00303305,PETE SESSIONS FOR CONGRESS,DALLAS,TX,753823047,H2TX03126,2020
C00012229,ALASKANS FOR DON YOUNG,ANCHORAGE,AK,995032822,H6AK00045,2020
C00703058,KEAN FOR CONGRESS INC,EDISON,NJ,8818,H0NJ07261,2020
C00707539,VAL FOR CONGRESS,KENILWORTH,IL,60043,H0IL10351,2020
C00707349,MICHAEL BLUEMLING FOR CONGRESS,PALM BEACH,FL,33480,H0FL21045,2020
C00709584,GOMURPH.COM,WILMINGTON,DE,19809,H8DE01044,2020
C00116632,HAL ROGERS FOR CONGRESS,SOMERSET,KY,42502,H0KY05015,2020
C00629949,ALEX MOONEY FOR CONGRESS,MARTINSBURG,WV,25402,H4WV02080,2020
C00633859,DELGADO FOR CONGRESS,RHINEBECK,NY,12572,H8NY19181,2020
C00572602,DAVE GILES FOR CONGRESS,GILBERT,AZ,85295,H6AZ09010,2020
C00140715,HOYER FOR CONGRESS,WASHINGTON,DC,20005,H2MD05155,2020
C00311639,DIANA DEGETTE FOR CONGRESS,DENVER,CO,802068337,H6CO01141,2020
C00330142,LARSON FOR CONGRESS,HARTFORD,CT,61261172,H8CT01046,2020
C00650150,ELISSA SLOTKIN FOR CONGRESS,HOLLY,MI,48442,H8MI08102,2020
C00460550,JEFF DUNCAN FOR CONGRESS,LAURENS,SC,29360,H0SC03077,2020
C00469163,TED DEUTCH FOR CONGRESS COMMITTEE,WASHINGTON,DC,20006,H0FL19080,2020
C00472241,BILL FLORES FOR CONGRESS,BRYAN,TX,77805,H0TX17104,2020
C00477240,MORGAN GRIFFITH FOR CONGRESS,CHRISTIANSBURG,VA,24068,H0VA09055,2020
C00573949,JOSH GOTTHEIMER FOR CONGRESS,RIDGEWOOD,NJ,7451,H6NJ05171,2020
C00575167,DON BACON FOR CONGRESS,OMAHA,NE,68139,H6NE02125,2020
C00637363,JASON CROW FOR CONGRESS,AURORA,CO,80041,H8CO06229,2020
C00638767,CORI BUSH FOR CONGRESS,FLORISSANT,MO,63031,H8MO01143,2020
C00647339,CURTIS FOR CONGRESS,SALT LAKE CITY,UT,84111,H8UT03238,2020
C00393629,MCHENRY FOR CONGRESS,GASTONIA,NC,280532165,H4NC10047,2020
C00588764,COMER FOR CONGRESS,TOMPKINSVILLE,KY,42167,H6KY01110,2020
C00598375,AVA FOR CONGRESS,HOUSTON,TX,77292,H6TX18158,2020
C00420745,LAMBORN FOR CONGRESS,COLORADO SPRINGS,CO,80962,H6CO05159,2020
C00226928,PALLONE FOR CONGRESS,LONG BRANCH,NJ,7740,H8NJ03073,2020
C00554113,RATCLIFFE FOR CONGRESS,ROCKWALL,TX,750326684,H4TX04153,2020
C00290064,DOYLE FOR CONGRESS COMMITTEE,PITTSBURGH,PA,152214400,H4PA18131,2020
C00546358,ALMA ADAMS FOR CONGRESS,CHARLOTTE,NC,28231,H4NC12100,2020
C00550707,FRIENDS OF HAGEDORN,MANKATO,MN,560017778,H0MN01045,2020
C00286187,THORNBERRY FOR CONGRESS COMMITTEE,AMARILLO,TX,791059392,H4TX13014,2020
C00286500,DOGGETT FOR CONGRESS,AUSTIN,TX,78763,H4TX10028,2020
C00647925,KEIRSTEAD FOR CONGRESS,LAGUNA BEACH,CA,92652,H8CA48076,2020
C00255562,FRIENDS OF JIM CLYBURN,COLUMBIA,SC,29211,H2SC02042,2020
C00257337,KEN CALVERT FOR CONGRESS COMMITTEE,CORONA,CA,92877,H2CA37023,2020
C00258475,ANNA ESHOO FOR CONGRESS,SACRAMENTO,CA,95814,H8CA12098,2020
C00287904,SHEILA JACKSON LEE FOR CONGRESS,HOUSTON,TX,77004,H4TX18054,2020
C00287912,LUCAS FOR CONGRESS,OKLAHOMA CITY,OK,731011726,H4OK06056,2020
C00700344,BIGGAN FOR CONGRESS,BEDFORD,TX,76095,H8TX24111,2020
C00238865,FRIENDS OF ROSA DELAURO,NEW HAVEN,CT,6510,H0CT03072,2020
C00240986,SERRANO FOR CONGRESS,WASHINGTON,DC,20013,H0NY18065,2020
C00519355,DONALD M PAYNE JR FOR CONGRESS,NEWARK,NJ,7114,H2NJ10154,2020
C00593525,ESPAILLAT FOR CONGRESS 2016,NEW YORK,NY,10034,H2NY13096,2020
C00520379,COLLINS FOR CONGRESS,CLARENCE,NY,140310386,H8NY29032,2020
C00693556,CITIZENS FOR MATT QUIGLEY,AURORA,IL,60502,H0IL14148,2020
C00590810,PATTERSON FOR CONGRESS,ATCO,NJ,8004,H0NJ02148,2020
C00215905,DEFAZIO FOR CONGRESS,SPRINGFIELD,OR,97477,H6OR04047,2020
C00273169,MALONEY FOR CONGRESS,NEW YORK,NY,10128,H2NY14037,2020
C00685743,EMANUEL GONZALES COMMITTEE TO ELECT FOR CONGRESS,BALDWIN PARK,CA,91706,H0CA32333,2020
C00607432,BAUGH FOR CONGRESS,NEWPORT BEACH,CA,92660,H6CA48245,2020
C00665612,BRANDON PETERS FOR U.S. CONGRESS,WILLISTON,FL,32696,H8FL02105,2020
C00709204,ALEXANDRA OWENSBY FOR THE PEOPLE,FORT THOMAS,KY,41075,H0KY04117,2020
C00692061,BIMAL FOR CONGRESS,HOUSTON,TX,77006,H0TX18243,2020
C00694711,MARCHANT FOR CONGRESS,LAS VEGAS,NV,89107,H0NV04015,2020
C00654525,TRACY MITRANO FOR CONGRESS,PENN YAN,NY,14527,H8NY23183,2020
C00654723,MEUSER FOR CONGRESS,HARRISBURG,PA,171081512,H8PA10147,2020
C00696708,OROZCO2020 COMMITTEE FOR,HOUSTON,TX,77004,H0TX18250,2020
C00662619,ANDY LEVIN FOR CONGRESS,CLINTON TOWNSHIP,MI,48038,H8MI09118,2020
C00662650,BALDERSON FOR CONGRESS,COLUMBUS,OH,432208113,H8OH12180,2020
C00703553,ELECT ZACH SMITH FOR CONGRESS,ZEPHYRHILLS,FL,33541,H0FL12176,2020
C00704056,KENNETH MORGAN FOR CONGRESS,CHESAPEAKE,OH,45619,H0OH06221,2020
C00668558,WOODSMALL FOR CONGRESS,PISGAH FOREST,NC,28768,H8NC11129,2020
C00639450,ELLIS FOR CONGRESS,FESTUS,MO,63028,H8MO08098,2020
C00660050,COMMITTEE TO RE-ELECT STEVE WATKINS,TOPEKA,KS,66604,H8KS02199,2020
C00662940,ELECT JIM BAIRD FOR CONGRESS,GREENCASTLE,IN,46135,H8IN04199,2020
C00663914,DEBBIE LESKO FOR CONGRESS,PHOENIX,AZ,85064,H8AZ08158,2020
C00700500,SHUBERT FOR US CONGRESS,MARSHVILLE,NC,28103,H0NC09195,2020
C00698704,RIVERA ELECTION COMMITTEE,DOWNEY,CA,90241,H0CA40104,2020
C00667808,"COMMITTEE TO ELECT GEORGE BUCK, PHD",ST. PETERSBURG,FL,33734,H8FL13136,2020
C00668228,NEVADANS FOR STEVEN HORSFORD,NORTH LAS VEGAS,NV,89033,H2NV04011,2020
C00701607,BELSITO FOR CONGRESS,TOPSFIELD,MA,1983,H0MA06098,2020
C00668491,WILLIAM TIMMONS FOR CONGRESS,GREENVILLE,SC,29602,H8SC04250,2020
C00600718,DAVIDSON FOR CONGRESS,TROY,OH,453730518,H6OH08315,2020
C00709196,BOWMAN FOR CONGRESS,BRONXVILLE,NY,10708,H0NY16143,2020
C00697557,JEFF MOORE FOR CONGRESS,RALEIGH,NC,27605,H0NC03164,2020
C00698084,JOSEPH MORGAN FOR CONGRESS,TUCSON,AZ,85732,H0AZ02182,2020
C00664409,AUDREY DENNEY FOR CONGRESS,CHICO,CA,95927,H8CA01257,2020
C00664466,BROWNING FOR CONGRESS,ALLENTOWN,PA,18104,H8PA15260,2020
C00634337,IRINA BARONESS VON BEHR FOR US CONGRESS,TEMPE,AZ,85284,H8AZ09016,2020
C00640896,WILL FISHER FOR CONGRESS,FLOWER MOUND,TX,75022,H8TX26082,2020
C00655332,CLOUD FOR CONGRESS,VICTORIA,TX,77903,H8TX27049,2020
C00655183,FRIENDS OF DANA BALTER,SYRACUSE,NY,13205,H8NY24090,2020
C00655571,YVETTE4CONGRESS,ALAMOGORDO,NM,883106413,H8NM02156,2020
C00655613,SUSIE LEE FOR CONGRESS,LAS VEGAS,NV,89148,H6NV04020,2020
C00666149,XOCHITL FOR NEW MEXICO,LAS CRUCES,NM,88004,H8NM02248,2020
C00666396,MICHAEL WALTZ FOR CONGRESS,ST AUGUSTINE,FL,32080,H8FL06148,2020
C00660464,CHRIS PAPPAS FOR CONGRESS,MANCHESTER,NH,3105,H8NH01210,2020
C00660472,ELECT CAROLYN LONG,VANCOUVER,WA,98682,H8WA03198,2020
C00660555,SYLVIA GARCIA FOR CONGRESS,HOUSTON,TX,77249,H8TX29052,2020
C00661637,JOHN MCCANN FOR CONGRESS 2018,HACKENSACK,NJ,7602,H8NJ05136,2020
C00705343,"FLOYD FOR CONGRESS, INC.",LAWRENCEVILLE,GA,30046,H0GA07240,2020
C00706275,PALLOTTA FOR CONGRESS,SOMERVILLE,NJ,8876,H0NJ05174,2020
C00664862,JAYESUN SHERMAN FOR US CONGRESS FINANCE,WINDOM,MN,56101,H8MN07102,2020
C00665638,YOUNG KIM FOR CONGRESS,FULLERTON,CA,92837,H8CA39240,2020
C00656686,TOM MALINOWSKI FOR CONGRESS,SOMERVILLE,NJ,8876,H8NJ07223,2020
C00670034,SHARICE FOR CONGRESS,SHAWNEE,KS,66216,H8KS03155,2020
C00670489,MAYOR BILL WELLS FOR CONGRESS,LA MESA,CA,91942,H8CA50163,2020
C00670547,ARMSTRONG FOR CONGRESS,BISMARCK,ND,58503,H8ND00096,2020
C00692533,NIZAHON FOR CONGRESS,SUNRISE,FL,33351,H0FL23058,2020
C00660795,DAN CRENSHAW FOR CONGRESS,HOUSTON,TX,77243,H8TX02166,2020
C00661561,"BEN CLINE FOR CONGRESS, INC.",HARRISONBURG,VA,22803,H8VA06104,2020
C00661777,CHUY GARCIA FOR CONGRESS,MELROSE PARK,IL,60160,H8IL04134,2020
C00666859,MARYOTT FOR CONGRESS,SANJUANCAPISTRANO,CA,92675,H8CA49108,2020
C00674788,ROCHESTER FOR ROBIN,ROCHESTER,NY,14610,H8NY25113,2020
C00667741,THE COMMITTEE TO ELECT AYANNA PRESSLEY,DORCHESTER CENTER,MA,2124,H8MA07032,2020
C00658567,SUSAN WILD FOR CONGRESS,ALLENTOWN,PA,18104,H8PA15229,2020
C00657304,STANTON FOR CONGRESS,PHOENIX,AZ,85018,H8AZ09040,2020
C00657361,MARTER FOR CONGRESS,OSWEGO,IL,60543,H8IL16153,2020
C00657833,GUY FOR CONGRESS,PITTSBURGH,PA,15222,H8PA18199,2020
C00658385,MARK GREEN FOR CONGRESS,BRENTWOOD,TN,37024,H8TN07076,2020
C00658401,GREG PENCE FOR CONGRESS,TAYLORSVILLE,IN,47280,H8IN06129,2020
C00665752,FRIENDS OF MICHAEL GUEST,BRANDON,MS,39043,H8MS03125,2020
C00665653,FRIENDS OF VENNIA FRANCOIS FOR CONGRESS,TAMPA,FL,33606,H8FL07088,2020
C00661868,VAN DREW FOR CONGRESS,CAPE MAY COURT HOUSE,NJ,8210,H8NJ02166,2020
C00662171,RON WRIGHT FOR CONGRESS,ARLINGTON,TX,76017,H8TX06233,2020
C00445023,GUTHRIE FOR CONGRESS,BOWLING GREEN,KY,421029639,H8KY02031,2020
C00662601,LANCE GOODEN FOR CONGRESS COMMITTEE,TERRELL,TX,75160,H8TX05144,2020
C00672295,FRIENDS OF LUCY MCBATH,ROSWELL,GA,30075,H8GA06393,2020
C00672311,DONNA SHALALA FOR CONGRESS,WASHINGTON,DC,20003,H8FL27193,2020
C00653923,VERONICA ESCOBAR FOR CONGRESS,EL PASO,TX,79923,H8TX16109,2020
C00653816,COMMITTEE TO ELECT JARED GOLDEN,LEWISTON,ME,4240,H8ME02185,2020
C00654079,ANTHONY GONZALEZ FOR CONGRESS ,DUBLIN,OH,43017,H8OH16124,2020
C00708859,ALP BASARAN FOR CONGRESS A NJ NONPROFIT CORPORATION,FORT LEE,NJ,7024,H0NJ09184,2020
C00708867,CAMPAIGN TO ELECT JAMES AVERHART,MOBILE,AL,36602,H0AL01097,2020
C00624346,MARY ANN LUTZ FOR CONGRESS,ROSEVILLE,CA,95661,H8CA32062,2020
C00649392,GREG SAGAN FOR CONGRESS,AMARILLO,TX,79124,H8TX13163,2020
C00646455,ANDREW LEARNED FOR CONGRESS,VALRICO,FL,33596,H8FL15180,2020
C00708669,JAMES WATERS FOR CONGRESS,ANAHEIM,CA,92814,H0CA46077,2020
C00703769,MIGUEL HERNANDEZ FOR US CONGRESS,NEW YORK,NY,10028,H0NY14239,2020
C00700880,APPLEFIELD4CONGRESS,RED BANK,NJ,7701,H0NJ04128,2020
C00588558,JAN MCDOWELL FOR CONGRESS,CARROLLTON,TX,75007,H6TX24149,2020
C00578567,KEEP AL GREEN IN CONGRESS,HOUSTON,TX,77256,H4TX09095,2020
C00576041,SALUD CARBAJAL FOR CONGRESS,SANTA BARBARA,CA,93102,H6CA24303,2020
C00576173,KANSANS FOR MARSHALL,GREAT BEND,KS,67530,H6KS01179,2020
C00703025,ZACH FOR NEVADA,BEVERLY,MA,1915,H0NV03108,2020
C00581074,DARREN SOTO FOR CONGRESS,KISSIMMEE,FL,34742,H6FL09179,2020
C00581926,FRIENDS OF DENA,ORLANDO,FL,32835,H6FL09187,2020
C00582304,FRIENDS OF NEAL DUNN,PANAMA CITY,FL,32406,H6FL02208,2020
C00582890,TOM O'HALLERAN FOR CONGRESS,PHOENIX,AZ,85082,H6AZ01199,2020
C00404335,WILDES FOR CONGRESS,ENGLEWOOD,NJ,7631,H4NJ09095,2020
C00657981,FRIENDS OF STEVE NEGRON,ALEXANDRIA,VA,22313,H8NH02275,2020
C00658070,NEW YORKERS AND FRIENDS FOR HOLLY LYNCH,NEW YORK,NY,10023,H8NY10081,2020
C00635722,ESPAILLAT FOR CONGRESS 2018,NEW YORK,NY,10034,H2NY13096,2020
C00605592,PRAMILA FOR CONGRESS,SEATTLE,WA,98111,H6WA07458,2020
C00410753,SIRES FOR CONGRESS,WEST NEW YORK,NJ,7093,H6NJ13191,2020
C00628917,FRIENDS OF DUSTY JOHNSON,MITCHELL,SD,57301,H8SD01055,2020
C00629659,JIMMY GOMEZ FOR CONGRESS,LOS ANGELES,CA,90017,H8CA34266,2020
C00610071,HUGHES FOR CONGRESS,KARLSTAD,MN,56732,H6MN07304,2020
C00615294,CITIZENS FOR JOHN RUTHERFORD,JACKSONVILLE,FL,322578210,H6FL04105,2020
C00649376,CAROLYN FOR CONGRESS,SUWANEE,GA,30024,H8GA07201,2020
C00649806,COMMITTEE TO ELECT DAVID WILSON BROWN,MCADENVILLE,NC,28101,H8NC10097,2020
C00649913,SPANBERGER FOR CONGRESS,GLEN ALLEN,VA,23058,H8VA07094,2020
C00649210,JENNIE LOU LEEDER FOR UNITED STATES CONGRESS,LLANO,TX,78643,H8TX11100,2020
C00588392,TODOS CON JENNIFFER INC.  DBA JENNIFFER FOR CONGRESS,SAN JUAN,PR,936,H6PR00082,2020
C00588657,TEXANS FOR JODEY ARRINGTON,LUBBOCK,TX,794936687,H6TX19099,2020
C00650911,BRIAN FORDE FOR CONGRESS,TUSTIN,CA,92782,H8CA45189,2020
C00652065,DEBBIE FOR CONGRESS,MIAMI,FL,33256,H8FL26039,2020
C00636092,HERN FOR CONGRESS,TULSA,OK,74132,H8OK01157,2020
C00650507,JOE CUNNINGHAM FOR CONGRESS,CHARLESTON,SC,29413,H8SC01116,2020
C00650648,CISNEROS FOR CONGRESS,PLACENTIA,CA,92871,H8CA39174,2020
C00650697,PETE STAUBER FOR CONGRESS,DULUTH,MN,55811,H8MN08043,2020
C00698431,CELESTE CAIRNS FOR CONGRESS,EMERALD ISLE,NC,28594,H0NC03206,2020
C00671891,GREG STEUBE FOR CONGRESS,SARASOTA,FL,34232,H8FL17053,2020
C00697458,ANDY ROMAGNANO FOR NORTHWEST FLORIDA,PENSACOLA,FL,32513,H0FL01120,2020
C00652149,BURCHETT FOR CONGRESS,KNOXVILLE,TN,37950,H8TN02119,2020
C00652248,MAX ROSE FOR CONGRESS,STATEN ISLAND,NY,10310,H8NY11113,2020
C00632257,MAST FOR CONGRESS,STUART,FL,34995,H6FL18097,2020
C00632885,ANDRE QUINTERO FOR CONGRESS,LONG BEACH,CA,90802,H8CA32070,2020
C00707471,CHRIS TAYLOR FOR ARIZONA,SAFFORD,AZ,85546,H0AZ01366,2020
C00707679,FRICILONEFORCONGRESS,HOMER GLEN,IL,60491,H0IL03117,2020
C00707877,RODNEY L WALKER COMMITTEE TO ELECT,SOUTHERN PINES,NC,28388,H0NC08247,2020
C00699207,ELECT STONY RUSHING,WINGATE,NC,28174,H0NC09179,2020
C00675777,JOE PROFIT FOR CONGRESS LLC,NORCROSS,GA,30092,H8GA04125,2020
C00590067,CHARLIE CRIST FOR CONGRESS,ST. PETERSBURG,FL,33731,H6FL13205,2020
C00590307,NEIGHBORS FOR CANO COMMITTEE,CHARLOTTE,NC,28247,H6NC09184,2020
C00695965,MATHYS FOR CONGRESS,LAS CRUCES,NM,88007,H0NM02211,2020
C00706549,JACKIE GORDON FOR CONGRESS,COPIAGUE,NY,11726,H0NY02192,2020
C00636571,KATIE PORTER FOR CONGRESS,IRVINE,CA,92617,H8CA45130,2020
C00637074,FINKENAUER FOR CONGRESS,DUBUQUE,IA,52004,H8IA01094,2020
C00631762,STEVAN PORTER FOR CONGRESS,HERNDON,VA,20172,H8VA11088,2020
C00634014,JULIA PEACOCK FOR CONGRESS,CORONA,CA,92883,H8CA42228,2020
C00636670,MARIE NEWMAN FOR CONGRESS,LA GRANGE,IL,60525,H8IL03102,2020
C00665216,KATY GEPPERT FOR CONGRESS,ST LOUIS,MO,63118,H8MO03198,2020
C00665695,JAY CHEN FOR CONGRESS,HACIENDA HEIGHTS,CA,91745,H2CA39136,2020
C00652628,DR KIM SCHRIER FOR CONGRESS,ISSAQUAH,WA,98027,H8WA08189,2020
C00652719,LAUREN UNDERWOOD FOR CONGRESS,OSWEGO,IL,60543,H8IL14174,2020
C00661769,JULIE FOR TEXAS 25,AUSTIN,TX,78767,H8TX25159,2020
C00652297,GINA ORTIZ JONES FOR CONGRESS,SAN ANTONIO,TX,78245,H8TX23121,2020
C00697334,MCCORKLE FOR COLORADO,PARKER,CO,80134,H0CO04197,2020
C00401190,BUTTERFIELD FOR CONGRESS,RALEIGH,NC,27601,H4NC01046,2020
C00647131,DAVID KIM FOR CONGRESS,SUWANEE,GA,30024,H8GA07151,2020
C00702001,NEAL GIST CAMPAIGN COMMITTEE,LAURIE,MO,65038,H0MO04219,2020
C00702019,MIKE WILLIAMS FOR CONGRESS,GEORGETOWN,TX,78628,H0TX31048,2020
C00700740,ANGELA FLYNN FOR CONGRESS,PITTSBORO,NC,27312,H0NC06191,2020
C00631945,GREG FOR MONTANA,HELENA,MT,596240877,H8MT01182,2020
C00632067,RON ESTES FOR CONGRESS,WICHITA,KS,672782952,H8KS04112,2020
C00630384,JEFF DOVE FOR CONGRESS,WOODBRIDGE,VA,22194,H8VA11070,2020
C00698373,MARTIN FOR FREEDOM,PHOENIX,AZ,85082,H0AZ02190,2020
C00653196,"DAVID TRONE FOR CONGRESS, INC",GAITHERSBURG,MD,208833998,H6MD08549,2020
C00653220,CAROL FOR CONGRESS,HUNTINGTON,WV,25701,H8WV03097,2020
C00703793,IGNACIO CRUZ FOR CONGRESS,FREMONT,CA,94538,H0CA39114,2020
C00666594,COMMITTEE TO ELECT KIMBERLY BIZON,LEXINGTON,MI,48450,H8MI10108,2020
C00590463,TREY FOR CONGRESS,JEFFERSONVILLE,IN,47130,H6IN09176,2020
C00590489,VAL DEMINGS FOR CONGRESS,ORLANDO,FL,32853,H2FL08063,2020
C00590778,LISA BLUNT ROCHESTER FOR CONGRESS,WILMINGTON,DE,19809,H6DE00206,2020
C00591065,DWIGHT EVANS FOR CONGRESS,PHILADELPHIA,PA,19138,H6PA02171,2020
C00592154,JIMMY PANETTA FOR CONGRESS,CARMEL VALLEY,CA,93924,H6CA20152,2020
C00592659,VICENTE GONZALEZ FOR CONGRESS,MCALLEN,TX,78501,H6TX15162,2020
C00647057,LORIE BURCH FOR CONGRESS,DALLAS,TX,75249,H8TX03099,2020
C00648253,JOE NEGUSE FOR CONGRESS,BOULDER,CO,80306,H8CO02160,2020
C00310318,CUMMINGS FOR CONGRESS CAMPAIGN COMMITTEE,BALTIMORE,MD,21203,H6MD07160,2020
C00662767,CHIP ROY FOR CONGRESS,AUSTIN,TX,78735,H8TX21307,2020
C00599464,SMUCKER FOR CONGRESS,LANCASTER,PA,17604,H6PA16320,2020
C00607556,LIZ CHENEY FOR WYOMING,CASPER,WY,82602,H6WY00159,2020
C00607838,DREW FERGUSON FOR CONGRESS INC.,NEWNAN,GA,30271,H6GA03113,2020
C00637371,CHRISSY HOULAHAN FOR CONGRESS,DEVON,PA,19333,H8PA06087,2020
C00638023,WEXTON FOR CONGRESS,STERLING,VA,20165,H8VA10106,2020
C00648493,CASTEN FOR CONGRESS,DOWNERS GROVE,IL,60515,H8IL06139,2020
C00648915,KENDRA HORN FOR CONGRESS,OKLAHOMA CITY,OK,73154,H8OK05109,2020
C00648956,TJ COX FOR CONGRESS,SELMA,CA,93662,H8CA10167,2020
C00610451,BIGGS FOR CONGRESS,ALEXANDRIA,VA,22314,H6AZ05083,2020
C00610964,MCEACHIN FOR CONGRESS,RICHMOND,VA,23221,H6VA04061,2020
C00612432,FRIENDS OF MATT GAETZ,MARY ESTER,FL,32569,H6FL01119,2020
C00614214,BERGMANFORCONGRESS,ACME,MI,49610,H6MI01226,2020
C00614776,TED BUDD FOR CONGRESS,RALEIGH,NC,27624,H6NC13129,2020
C00614826,KUSTOFF FOR CONGRESS,MEMPHIS,TN,381201466,H2TN07103,2020
C00383828,CONAWAY FOR CONGRESS,MIDLAND,TX,797101272,H4TX19136,2020
C00633362,"HANDEL FOR CONGRESS, INC.",ALPHARETTA,GA,30005,H8GA06286,2020
C00633610,RALPH NORMAN FOR CONGRESS,ROCK HILL,SC,29732,H8SC05158,2020
C00639591,ALEXANDRIA OCASIO-CORTEZ FOR CONGRESS,CORONA,NY,11368,H8NY15148,2020
C00640045,ELIZABETH PANNILL FLETCHER FOR CONGRESS,HOUSTON,TX,77098,H8TX07140,2020
C00638650,HALEY STEVENS FOR CONGRESS,BIRMINGHAM,MI,48009,H8MI11254,2020
C00639054,DEB HAALAND FOR CONGRESS,ALBUQUERQUE,NM,87125,H8NM01331,2020
C00639310,EASTMAN FOR CONGRESS,OMAHA,NE,68132,H8NE02220,2020
C00617662,CAPTAIN HIGGINS FOR CONGRESS,LAFAYETTE,LA,70596,H6LA03148,2020
C00618223,ROONEY FOR CONGRESS,TAMPA,FL,33606,H6FL19087,2020
C00620443,STEPHANIE MURPHY FOR CONGRESS,WINTER PARK,FL,32790,H6FL07140,2020
C00633669,BRIANNA WU FOR CONGRESS,DEDHAM,MA,2026,H8MA08170,2020
C00633982,HARLEY ROUDA FOR CONGRESS,NEWPORT BEACH,CA,92660,H8CA48035,2020
C00634212,KATIE HILL FOR CONGRESS,PORTLAND,OR,97202,H8CA25074,2020
C00458679,BLAINE FOR CONGRESS,ST. ELIZABETH,MO,65075,H8MO09153,2020
C00458125,JUDY CHU FOR CONGRESS,ENCINO,CA,91436,H0CA32101,2020
C00458976,TERRI SEWELL FOR CONGRESS,BIRMINGHAM,AL,35201,H0AL07086,2020
C00459099,DELBENE FOR CONGRESS,KIRKLAND,WA,98083,H0WA08046,2020
C00459297,HUIZENGA FOR CONGRESS,ZEELAND,MI,494641509,H0MI02094,2020
C00460055,FREDERICA S. WILSON FOR CONGRESS,MIAMI GARDENS,FL,33169,H0FL17068,2020
C00495507,MIKE BARKLEY FOR CONGRESS COMMITTEE,MANTECA,CA,953364848,H2CA00096,2020
C00498873,TONY CARDENAS FOR CONGRESS,WASHINGTON,DC,20003,H2CA28113,2020
C00499236,GEORGE HOLDING FOR CONGRESS INC.,RALEIGH,NC,27624,H2NC13110,2020
C00497321,VARGAS FOR CONGRESS,ENCINITAS,CA,92024,H2CA50026,2020
C00500421,BONAMICI FOR CONGRESS,BEAVERTON,OR,97075,H2OR01133,2020
C00498345,MULLIN FOR CONGRESS,MUSKOGEE,OK,74402,H2OK02083,2020
C00547240,MOULTON FOR CONGRESS,SALEM,MA,1970,H4MA06090,2020
C00460261,AL LAWSON FOR CONGRESS,TALLAHASSEE,FL,32301,H0FL02086,2020
C00461822,"CHUCK FLEISCHMANN FOR CONGRESS COMMITTEE, INC.",CHATTANOOGA,TN,37401,H0TN03254,2020
C00462143,MARTHA ROBY FOR CONGRESS,MONTGOMERY,AL,36101,H0AL02087,2020
C00462556,GRAVES FOR CONGRESS,CALHOUN,GA,30703,H0GA09030,2020
C00462697,GARAMENDI FOR CONGRESS,WASHINGTON,DC,200355322,H0CA10149,2020
C00462861,"KUSTER FOR CONGRESS, INC",CONCORD,NH,3302,H0NH02181,2020
C00464073,FRIENDS OF SCOTT DESJARLAIS,NASHVILLE,TN,372051482,H0TN04195,2020
C00464149,MO BROOKS FOR CONGRESS,HUNTSVILLE,AL,35802,H0AL05163,2020
C00464339,DUFFY FOR WISCONSIN,WAUSAU,WI,544020538,H0WI07051,2020
C00464602,VICKY HARTZLER FOR CONGRESS,HARRISONVILLE,MO,647010531,H0MO04086,2020
C00500207,FRIENDS OF SUSAN BROOKS,INDIANAPOLIS,IN,462601308,H2IN05082,2020
C00551275,FRENCH HILL FOR ARKANSAS,LITTLE ROCK,AR,72217,H4AR02141,2020
C00656447,ELECT GABE FERRER,MIAMI,FL,33155,H8FL27110,2020
C00551374,GARY PALMER FOR CONGRESS,HOMEWOOD,AL,35209,H4AL06098,2020
C00547893,ELISE FOR CONGRESS,GLENS FALLS,NY,12801,H4NY21079,2020
C00548289,MATT ROSENDALE FOR MONTANA,HELENA,MT,596044907,H4MT00050,2020
C00467571,"ANDY BARR FOR CONGRESS, INC.",LEXINGTON,KY,40588,H0KY06104,2020
C00468579,WALORSKI FOR CONGRESS INC,MISHAWAKA,IN,465460954,H0IN02190,2020
C00470757,VOTETIPTON.COM,CORTEZ,CO,813211582,H6CO03139,2020
C00472159,DENNY HECK FOR CONGRESS,OLYMPIA,WA,98507,H0WA03161,2020
C00472365,"YODER FOR CONGRESS, INC",OVERLAND PARK,KS,662256742,H0KS03137,2020
C00501643,DAVID ROUZER FOR CONGRESS,WILMINGTON,NC,28406,H2NC07096,2020
C00502039,COLLINS FOR CONGRESS,GAINESVILLE,GA,30503,H2GA09150,2020
C00539866,ROBIN KELLY FOR CONGRESS,CHICAGO,IL,60654,H2IL02172,2020
C00602979,WILEY FOR CONGRESS,INDIAN BEACH,NC,28575,H0NC01036,2020
C00474189,MIKE KELLY FOR CONGRESS,LYNDORA,PA,16045,H0PA03271,2020
C00476291,JUSTIN AMASH FOR CONGRESS,GRAND RAPIDS,MI,49506,H0MI03126,2020
C00473132,MCKINLEY FOR CONGRESS,MORGANTOWN,WV,26507,H0WV01072,2020
C00476523,KAREN BASS FOR CONGRESS,WASHINGTON,DC,20003,H0CA33117,2020
C00476564,CICILLINE COMMITTEE,PROVIDENCE,RI,2903,H0RI01073,2020
C00540617,FRIENDS OF DAVID SCHWEIKERT,PHOENIX,AZ,850023176,H4AZ06045,2020
C00555813,KATHLEEN RICE FOR CONGRESS,MINEOLA,NY,11501,H4NY04075,2020
C00556365,KATKO FOR CONGRESS,ALEXANDRIA,VA,22314,H4NY24073,2020
C00556506,TED LIEU FOR CONGRESS,LOS ANGELES,CA,90017,H4CA33119,2020
C00558320,DONALD NORCROSS FOR CONGRESS,COLLINGSWOOD,NJ,8108,H4NJ01084,2020
C00558437,BONNIE WATSON COLEMAN FOR CONGRESS,WASHINGTON,DC,20003,H4NJ12149,2020
C00558486,GARRET GRAVES FOR CONGRESS,BATON ROUGE,LA,70896,H4LA06153,2020
C00554709,MARK DESAULNIER FOR CONGRESS,CONCORD,CA,94524,H0CA10073,2020
C00476820,JOHNSON FOR CONGRESS,MARIETTA,OH,45750,H0OH06189,2020
C00608703,SCOTT TAYLOR FOR CONGRESS,RICHMOND,VA,23255,H0VA02118,2020
C00541862,JASON SMITH FOR CONGRESS,CAPE GIRARDEAU,MO,637021324,H4MO08162,2020
C00541888,KATHERINE CLARK FOR CONGRESS,BELMONT,MA,24789998,H4MA05084,2020
C00543231,WALKER 4 NC,RALEIGH,NC,27624,H4NC06052,2020
C00708305,RICHARD FLEMING FOR CONGRESS,FARMERS BRANCH,TX,75244,H0TX24183,2020
C00502575,DR. RAUL RUIZ FOR CONGRESS,PALM DESERT,CA,92261,H2CA36439,2020
C00503185,RO FOR CONGRESS INC,SANTA CLARA,CA,95051,H4CA12055,2020
C00503094,MEADOWS FOR CONGRESS,HENDERSONVILLE,NC,28793,H2NC11080,2020
C00672154,DELINA DISANTO FOR CONGRESS,CAVE CREEK,AZ,85331,H8AZ04165,2020
C00460063,BILLY LONG FOR CONGRESS,SPRINGFIELD,MO,658084527,H0MO07113,2020
C00504019,RICK W. ALLEN FOR CONGRESS,AUGUSTA,GA,30903,H2GA12121,2020
C00504522,HUDSON FOR CONGRESS,CONCORD,NC,28027,H2NC08185,2020
C00506048,TOM RICE FOR CONGRESS,MYRTLE BEACH,SC,295720020,H2SC07066,2020
C00637868,COLIN ALLRED FOR CONGRESS,DALLAS,TX,75360,H8TX32098,2020
C00543363,CITIZENS FOR BOYLE,PHILADELPHIA,PA,19116,H4PA13199,2020
C00543892,LOUDERMILK FOR CONGRESS,CASSVILLE,GA,30123,H4GA11061,2020
C00253187,PETERSON FOR CONGRESS,DETROIT LAKES,MN,56501,H2MN07014,2020
C00376087,MARIO DIAZ-BALART FOR CONGRESS,MIAMI,FL,331733512,H2FL25018,2020
C00376244,KUSTOFF FOR CONGRESS 2002,MEMPHIS,TN,381201466,H2TN07103,2020
C00376665,COOPER FOR CONGRESS,NASHVILLE,TN,37219,H2TN05131,2020
C00481911,DANIEL WEBSTER FOR CONGRESS,WEBSTER,FL,33597,H0FL08208,2020
C00506832,MARC VEASEY CONGRESSIONAL CAMPAIGN COMMITTEE,FORT WORTH,TX,76105,H2TX33073,2020
C00506931,"FRIENDS FOR CHRIS STEWART, INC.",NORTH SALT LAKE,UT,840540370,H2UT02324,2020
C00507368,BEATTY FOR CONGRESS,COLUMBUS,OH,43216,H2OH03125,2020
C00543967,BUDDY CARTER FOR CONGRESS,SAVANNAH,GA,31412,H4GA01039,2020
C00544445,JODY HICE FOR CONGRESS,MONROE,GA,30655,H0GA07125,2020
C00279851,FRIENDS OF BENNIE THOMPSON,BOLTON,MS,390410100,H4MS02068,2020
C00574640,ANTHONY BROWN FOR CONGRESS,BOWIE,MD,20721,H6MD04209,2020
C00510461,PETE AGUILAR FOR CONGRESS,SAN BERNARDINO,CA,92423,H2CA31125,2020
C00512202,PAUL COOK FOR CONGRESS,YUCCA VALLEY,CA,922860365,H2CA08164,2020
C00512426,SEAN PATRICK MALONEY FOR CONGRESS,NEWBURGH,NY,12550,H2NY22139,2020
C00509729,THOMAS MASSIE FOR CONGRESS,NEWPORT,KY,41072,H2KY04121,2020
C00509968,CARTWRIGHT FOR CONGRESS,SCRANTON,PA,18501,H2PA17079,2020
C00512970,JOE KENNEDY FOR CONGRESS,NEWTON,MA,2459,H2MA04073,2020
C00573378,BUCK FOR COLORADO,GREELEY,CO,80633,H4CO04090,2020
C00573980,KELLY FOR CONGRESS,TUPELO,MS,38801,H6MS01131,2020
C00574236,ALLEN ELLISON FOR CONGRESS CAMPAIGN COMMITTEE,SEBRING,FL,33870,H0FL17159,2020
C00482737,AUSTIN SCOTT FOR CONGRESS INC,TIFTON,GA,31793,H0GA08099,2020
C00513077,JULIA BROWNLEY FOR CONGRESS,THOUSAND OAKS,CA,91358,H2CA00120,2020
C00513531,FILEMON VELA FOR CONGRESS,SAN ANTONIO,TX,78248,H2TX27190,2020
C00545616,"YOUNG FOR IOWA, INC.",VAN METER,IA,50261,H4IA03115,2020
C00545749,EMMER FOR CONGRESS,ANOKA,MN,55303,H4MN06087,2020
C00561530,MOOLENAAR FOR CONGRESS,MIDLAND,MI,486406824,H4MI04126,2020
C00561597,GLENN GROTHMAN FOR CONGRESS,FOND DU LAC,WI,549641215,H4WI06048,2020
C00666420,FRIENDS OF CLINT KOBLE,RENO,NV,89510,H8NV02095,2020
C00514513,PITTENGER FOR CONGRESS LLC,CHARLOTTE,NC,282201207,H2NC09134,2020
C00666453,NATE MCMURRAY FOR CONGRESS,LEWISTON,NY,14092,H8NY27176,2020
C00696625,CURTIS JOSEPH SOBIE 2020,CHAPEL HILL,NC,27515,H0NC04162,2020
C00518365,ESPAILLAT FOR CONGRESS,NEW YORK,NY,10034,H2NY13096,2020
C00412890,ADRIAN SMITH FOR CONGRESS,SCOTTSBLUFF,NE,693613563,H6NE03115,2020
C00694075,ALEX BALKIN FOR CONGRESS,SAN MARCOS,CA,92078,H0CA50103,2020
C00702365,SPECIALE FOR CONGRESS,NEW BERN,NC,28560,H0NC03156,2020
C00703447,ANDREW U. D. STRAW FOR VIRGINIA,WASHINGTON,DC,20005,H0VT01054,2020
C00679696,LEE MURPHY 2018,WILMINGTON,DE,19809,H8DE01044,2020
C00521948,RODNEY FOR CONGRESS,TAYLORVILLE,IL,625680344,H2IL13120,2020
C00331769,BARBARA LEE FOR CONGRESS,OAKLAND,CA,94621,H8CA09060,2020
C00563940,RALPH ABRAHAM FOR CONGRESS,MONROE,LA,712074062,H4LA05221,2020
C00655084,FRIENDS OF MARC FRIEDENBERG,PINE GROVE MILLS,PA,16868,H8PA05204,2020
C00494856,LOIS FRANKEL FOR CONGRESS,BOCA RATON,FL,33481,H2FL14053,2020
C00494930,CITIZENS FOR JOSH MANDEL INC,DUBLIN,OH,430178914,H0OH11072,2020
C00639781,DANIEL ELLYSON 2018,WARNER ROBINS,GA,31095,H8GA08092,2020
C00527457,FRIENDS OF DAVE JOYCE,DUBLIN,OH,430178914,H2OH14064,2020
C00528182,VIRGIN ISLANDS FOR PLASKETT,FREDERIKSTED,VI,841,H2VI00082,2020
C00701409,"PRINGLE FOR CONGRESS, INC.",MOBILE,AL,36602,H0AL01071,2020
C00632059,FRIENDS OF VANGIE WILLIAMS,FREDERICKSBURG,VA,22401,H8VA01303,2020
C00444968,FRIENDS OF BILL POSEY,MELBOURNE,FL,32941,H8FL15107,2020
C00446815,MCCLINTOCK FOR CONGRESS,SACRAMENTO,CA,95833,H8CA04152,2020
C00446906,KURT SCHRADER FOR CONGRESS,OREGON CITY,OR,97045,H8OR05107,2020
C00447748,BLAINE FOR CONGRESS 2008,ST. ELIZABETH,MO,65075,H8MO09153,2020
C00495952,SCHNEIDER FOR CONGRESS,DEERFIELD,IL,60015,H2IL10068,2020
C00497818,WENSTRUP FOR CONGRESS,CINCINNATI,OH,452090551,H2OH02085,2020
C00497933,CASTRO FOR CONGRESS,SAN ANTONIO,TX,78292,H2TX35011,2020
C00498121,ROGER WILLIAMS FOR U S CONGRESS COMMITTEE,CLEBURNE,TX,76031,H2TX33040,2020
C00498212,ALAN LOWENTHAL FOR CONGRESS,ENCINO,CA,91436,H2CA00104,2020
C00494583,TED YOHO FOR CONGRESS,GAINESVILLE,FL,32608,H2FL06109,2020
C00664375,ELAINE FOR CONGRESS,VIRGINIA BEACH,VA,23466,H8VA02111,2020
C00546499,MIKE BOST FOR CONGRESS COMMITTEE,MURPHYSBORO,IL,62966,H4IL12060,2020
C00546853,WALTERS FOR CONGRESS,IRVINE,CA,92618,H4CA45097,2020
C00457556,QUIGLEY FOR CONGRESS,CHICAGO,IL,60614,H0IL05096,2020
C00371203,JOHN CARTER FOR CONGRESS,ROUND ROCK,TX,78665,H2TX31044,2020
C00371302,TEXANS FOR HENRY CUELLAR CONGRESSIONAL CAMPAIGN,LAREDO,TX,78040,H2TX23082,2020
C00372532,MICHAEL BURGESS FOR CONGRESS,DENTON,TX,762022334,H2TX26093,2020
C00373001,CITIZENS FOR TURNER,DAYTON,OH,454021603,H2OH03067,2020
C00373464,TIM RYAN FOR CONGRESS,NILES,OH,44446,H2OH17109,2020
C00374058,A WHOLE LOT OF PEOPLE FOR GRIJALVA CONGRESSIONAL COMMITTEE,TUCSON,AZ,85702,H2AZ07070,2020
C00374231,ROB BISHOP FOR CONGRESS,BRIGHAM CITY,UT,84302,H2UT01094,2020
C00672352,COWEN FOR CONGRESS,JONESBORO,GA,302364179,H8GA13027,2020
C00656793,FRIENDS OF ADEM,BROOKLYN,NY,11213,H8NY09158,2020
C00699595,MATTHEW LUSK,JACKSONVILLE,FL,32221,H0FL05154,2020
C00700187,BRIAN BURLEY FOR CONGRESS,HUNTINGTON BEACH,CA,92649,H0CA48172,2020
C00307314,BLUMENAUER FOR CONGRESS,PORTLAND,OR,97214,H6OR03064,2020
C00310532,KAY GRANGER CAMPAIGN FUND,FORT WORTH,TX,761076547,H6TX12060,2020
C00311043,BRADY FOR CONGRESS,THE WOODLANDS,TX,773878277,H6TX08100,2020
C00666891,FRIENDS OF JENNIFER CHRISTIE,INDIANAPOLIS,IN,46268,H8IN05196,2020
C00668608,RASHIDA TLAIB FOR CONGRESS,DETROIT,MI,48232,H8MI13250,2020
C00670232,COMMITTEE TO ELECT SHAWNA ROBERTS,BELMONT,OH,43718,H8OH06133,2020
C00670463,SHAHID BUTTAR FOR CONGRESS COMMITTEE,SAN FRANCISCO,CA,94117,H8CA12262,2020
C00670844,MAD 4 PA PAC,GLENSIDE,PA,19038,H8PA04116,2020
C00390724,WALBERG FOR CONGRESS,JACKSON,MI,492041362,H4MI07103,2020
C00392688,"MCCAUL FOR CONGRESS, INC",AUSTIN,TX,787012514,H4TX10093,2020
C00312017,KIND FOR CONGRESS COMMITTEE,LA CROSSE,WI,54601,H6WI03099,2020
C00384057,STAND WITH SANCHEZ,GAITHERSBURG,MD,208833142,H2CA39078,2020
C00385773,DEBBIE WASSERMAN SCHULTZ FOR CONGRESS,WESTON,FL,33326,H4FL20023,2020
C00386748,VIRGINIA FOXX FOR CONGRESS,BOONE,NC,28607,H4NC05146,2020
C00706705,NATALIE CLINE FOR CONGRESS,WHEELING,WV,26003,H0WV01114,2020
C00708107,JON CURTIS FOR CONGRESS,ROUND ROCK,TX,78665,H0TX31071,2020
C00394957,SCALISE FOR CONGRESS,JEFFERSON,LA,701833219,H0LA01087,2020
C00326363,MIKE THOMPSON FOR CONGRESS,SACRAMENTO,CA,95841,H8CA01109,2020
C00327023,SCHAKOWSKY FOR CONGRESS,EVANSTON,IL,60204,H8IL09067,2020
C00329375,MEEKS FOR CONGRESS,JAMAICA,NY,11432,H8NY06048,2020
C00397505,MOORE FOR CONGRESS,MILWAUKEE,WI,53216,H4WI04183,2020
C00430991,FRIENDS FOR GREGORY MEEKS,JAMAICA,NY,11432,H8NY06048,2020
C00637918,FRIENDS OF RD,CHARLOTTESVILLE,VA,22902,H8VA05114,2020
C00638080,MICHAEL ERIN WOODY FOR CONGRESS,MORRO BAY,CA,93442,H8CA24150,2020
C00677286,"STEIL FOR WISCONSIN, INC.",JANESVILLE,WI,535451129,H8WI01156,2020
C00398644,MCNERNEY FOR CONGRESS,STOCKTON,CA,95269,H4CA11081,2020
C00401034,BRIAN HIGGINS FOR CONGRESS,BUFFALO,NY,14220,H4NY27076,2020
C00405431,DAN LIPINSKI FOR CONGRESS,WESTERN SPRINGS,IL,60558,H4IL03077,2020
C00333427,WALDEN FOR CONGRESS,HOOD RIVER,OR,970310037,H6OR02116,2020
C00334706,NAPOLITANO FOR CONGRESS,SACRAMENTO,CA,95814,H8CA34068,2020
C00344671,SUSAN DAVIS FOR CONGRESS,SAN DIEGO,CA,92138,H0CA49055,2020
C00344697,LANGEVIN FOR CONGRESS,WARWICK,RI,2886,H0RI02139,2020
C00575209,ANGIE CRAIG FOR CONGRESS,EAGAN,MN,55122,H6MN02131,2020
C00441352,STIVERS FOR CONGRESS,COLUMBUS,OH,432208113,H8OH15076,2020
C00639146,JOSH HARDER FOR CONGRESS,MODESTO,CA,95352,H8CA10126,2020
C00640714,DEAN PHILLIPS FOR CONGRESS,EXCELSIOR,MN,55331,H8MN03143,2020
C00640722,BRENT BEAL FOR CONGRESS,NACOGDOCHES,TX,75965,H8TX01044,2020
C00414318,LOEBSACK FOR CONGRESS,IOWA CITY,IA,52244,H6IA02146,2020
C00415182,FRIENDS OF JOHN SARBANES,WASHINGTON,DC,20003,H6MD03292,2020
C00418293,COMMITTEE TO RE-ELECT HENRY HANK JOHNSON,DECATUR,GA,30034,H6GA04129,2020
C00346080,CLAY JR. FOR CONGRESS,ST. LOUIS,MO,63108,H0MO01066,2020
C00433391,PINGREE FOR CONGRESS,PORTLAND,ME,4112,H8ME01120,2020
C00695957,FRIENDS OF AVERY,MINEOLA,NY,11501,H0NY07084,2020
C00435099,BILL FOSTER FOR CONGRESS,AURORA,IL,60598,H8IL14067,2020
C00408534,BILIRAKIS FOR CONGRESS,TARPON SPRINGS,FL,346880606,H6FL09070,2020
C00409219,MATSUI FOR CONGRESS,SACRAMENTO,CA,95812,H6CA05195,2020
C00410233,COURTNEY FOR CONGRESS,VERNON,CT,6066,H2CT02112,2020
C00650457,PERRY GERSHON FOR CONGRESS,EAST HAMPTON,NY,11937,H8NY01155,2020
C00648220,ANDY KIM FOR CONGRESS,MARLTON,NJ,8053,H8NJ03206,2020
C00435974,ANDY HARRIS FOR CONGRESS,STEVENSVILLE,MD,21666,H8MD01094,2020
C00437913,OLSON FOR CONGRESS COMMITTEE,SUGAR LAND,TX,774966381,H8TX22107,2020
C00697235,DANNY FOR CONGRESS,WOODSTOCK,IL,60098,H0IL14155,2020
C00438697,LATTA FOR CONGRESS,BOWLING GREEN,OH,434020106,H8OH05036,2020
C00648725,BRINDISI FOR CONGRESS,UTICA,NY,13503,H8NY22151,2020
C00441014,ROB WITTMAN FOR CONGRESS,ALEXANDRIA,VA,22313,H8VA01147,2020
C00410761,CASTOR FOR CONGRESS,TAMPA,FL,33606,H6FL11126,2020
C00691931,PARROTT FOR CONGRESS,HAGERSTOWN,MD,21742,H0MD06231,2020
C00692012,ORTIZ FOR CONGRESS,BRONX,NY,10472,H0NY15152,2020
C00693135,LIZ WAHL FOR TX-23,SAN ANTONIO,TX,78204,H0TX23144,2020
C00691592,DEVOR FOR CONGRESS,HOUSTON,TX,77057,H0TX07154,2020
C00419630,YARMUTH FOR CONGRESS,LOUISVILLE,KY,40206,H6KY03124,2020
C00420935,KEVIN MCCARTHY FOR CONGRESS,BAKERSFIELD,CA,933892667,H6CA22125,2020
C00354688,MCCOLLUM FOR CONGRESS,ST. PAUL,MN,55114,H0MN04049,2020
C00359034,GRAVES FOR CONGRESS,KANSAS CITY,MO,641082642,H0MO06073,2020
C00366948,STEPHEN LYNCH FOR CONGRESS,SOUTH BOSTON,MA,2127,H2MA09072,2020
C00442921,ANDRE CARSON FOR CONGRESS,INDIANAPOLIS,IN,46206,H8IN07184,2020
C00649061,COMMITTEE TO ELECT TEDRA COBB,CANTON,NY,13617,H8NY21245,2020
C00443705,JACKIE SPEIER FOR CONGRESS,BURLINGAME,CA,94011,H8CA12171,2020
C00444471,CITIZENS TO ELECT PHIL ROE TO CONGRESS,JOHNSON CITY,TN,376023218,H6TN01388,2020
C00444620,FRIENDS OF GLENN THOMPSON,ST. MARYS,PA,15857,H8PA05071,2020
C00412759,VERN BUCHANAN FOR CONGRESS,SARASOTA,FL,34230,H6FL13148,2020
C00413179,WELCH FOR CONGRESS,BURLINGTON,VT,5401,H6VT00160,2020
C00693630,COVERT FOR CONGRESS,BLUFFTON,SC,29910,H0SC01360,2020
C00693739,CHRIS ROWE FOR AMERICA,ELIZABETHTON,TN,37643,H0TN01043,2020
C00698753,ALLEN THOMAS FOR CONGRESS,RALEIGH,NC,27601,H0NC03248,2020
C00581090,FRIENDS OF PAUL MITCHELL,DRYDEN,MI,484289781,H4MI04118,2020
C00577999,"JIM BANKS FOR CONGRESS, INC.",FORT WAYNE,IN,468581431,H6IN03229,2020
C00649897,HIRAL FOR CONGRESS,PHOENIX,AZ,85080,H8AZ08083,2020
C00651042,KIRKPATRICK FOR CONGRESS,TUCSON,AZ,85702,H8AZ01104,2020
C00652743,JOHN ROSE FOR TENNESSEE,COOKEVILLE,TN,38502,H8TN06094,2020
C00653634,VAN TAYLOR CAMPAIGN,PLANO,TX,75093,H8TX03123,2020
C00638346,CHRISTINE4CONGRESS,LIBERTY HILL,TX,78642,H8TX31033,2020
C00694331,SAGER FOR AMERICA,PORT CRANE,NY,13833,H0NY22075,2020
C00700195,GREG MUSSELWHITE COMMITTEE TO ELECT FOR CONGRESS,FORT PIERCE,FL,34945,H0FL20120,2020
C00582635,JO RAE PERKINS FOR US CONGRESS,ALBANY,OR,97321,H6OR04203,2020
C00700294,VASQUEZ CAMPAIGN COMMITTEE,FORT WORTH,TX,76101,H0TX33010,2020
C00700534,ADRIENNE BELL FOR CONGRESS,FRIENDSWOOD,TX,77586,H8TX14120,2020
C00702159,COMMITTEE TO ELECT DANIEL ULYSSES LOCKWOOD,CARY,NC,27519,H0NC04170,2020
C00703215,TROEN FOR CONGRESS,OCOEE,FL,34761,H0FL10089,2020
C00704429,MARK CONGRESS 2020,NORCROSS,GA,30092,H0GA07232,2020
C00654889,JOSH FOR NY,OYSTER BAY,NY,117710330,H8NY03177,2020
C00655134,ANITA FOR ARIZONA,SCOTTSDALE,AZ,85267,H8AZ06103,2020
C00655647,LORI TRAHAN FOR CONGRESS COMMITTEE,LOWELL,MA,1853,H8MA03106,2020
C00654640,RICK KENNEDY FOR CONGRESS,PFLUGERVILLE,TX,78691,H8TX17149,2020
C00656785,COMMITTEE TO ELECT CATHY ALBRO FOR CONGRESS,MIDDLEVILLE,MI,49333,H8MI03079,2020
C00696187,WILSKE FOR CONGRESS,IMPERIAL BEACH,CA,91932,H0CA50111,2020
C00696492,HUFFMAN FOR NC,HARRISBURG,NC,28075,H8NC08109,2020
C00696757,ANTHONY CLARK 2020,OAK PARK,IL,60302,H8IL07103,2020
C00393041,FRIENDS OF AMATA,PAGO PAGO,AS,96799,H4AS00036,2020
C00705079,RAUL FOR CONGRESS,CASTROVILLE,TX,78009,H0TX23177,2020
C00706069,CHRISTIAN F ACOSTA FOR CONGRESS,BOYNTON BEACH,FL,33426,H0FL21037,2020
C00707588,JEANNE SUPIN FOR CONGRESS,BOONE,NC,28607,H0NC05169,2020
C00708016,HANSEN FOR CONGRESS,DECORAH,IA,52101,H0IA01182,2020
C00658633,FRIENDS OF BEN MCADAMS,SALT LAKE CITY,UT,841522167,H8UT04053,2020
C00635342,CAMPAIGN OF LAURA ANN WEAVER,CINCINNATI,OH,45224,H8OH01084,2020
C00696922,FRIENDS FOR VIC,KANSAS CITY,MO,64155,H0MO06180,2020
C00697037,BRIER FOR CONGRESS,HERSHEY,PA,17033,H0PA10102,2020
C00697128,FRIENDS TO ELECT ROBERT EMMONS JR.,CHICAGO,IL,60620,H0IL01178,2020
C00697490,FRIENDS OF RACHEL KINSEY FOR CONGRESS,WOODSTOCK,GA,30189,H0GA11028,2020
C00697623,"MICHELE NIX COMMITTEE, INC",KINSTON,NC,28501,H0NC03131,2020
C00698167,OMAR KADIR POR TEJAS,ROUND ROCK,TX,78683,H0TX31055,2020
C00698787,DANA OUTLAW FOR CONGRESS,NEW BERN,NC,28562,H0NC03297,2020
C00698795,JOHN EAVES FOR CONGRESS,PEACHTREE CORNERS,GA,30092,H0GA07216,2020
C00698845,TANNER DO FOR CONGRESS,RICHARDSON,TX,75082,H0TX03096,2020
C00699363,COMMITTEE TO ELECT BILL BREWSTER,CONCORD,NC,28027,H0NC12124,2020
C00703801,JOSH SCHOENBLATT FOR CONGRESS,NORWALK,IA,50211,H0IA03196,2020
C00671362,COMMITTEE TO ELECT AIDA GRAY,COMSTOCK,MI,49041,H8MI06171,2020
C00592048,OMAR NAVARRO FOR CONGRESS,TORRANCE,CA,90505,H6CA44145,2020
C00709683,DEANNA FOR CONGRESS,SAN FRANCISCO,CA,94108,H0CA12137,2020
C00709758,JINEEA FOR CONGRESS,OSSINING,NY,10562,H0NY14262,2020
C00699744,TORRES FOR CONGRESS,EAST ELMHURST,NY,11370,H0NY15160,2020
C00700062,ANGELA ROMAN FOR CONGRESS,BROOKS,OR,97305,H0OR05088,2020
C00700419,GRAHAM BOYD FOR CONGRESS,PINETOWN,NC,27865,H0NC03305,2020
C00700526,STEVIE FOR CONGRESS,ALEXANDRIA,VA,22313,H0NC09211,2020
C00700716,JULIE OLIVER FOR CONGRESS,AUSTIN,TX,78767,H8TX25159,2020
C00700831,ABE MATTHEW FOR CONGRESS,CHICAGO,IL,60609,H0IL03091,2020
C00701367,RICHARD PARNELL HABERSHAM FOR CONGRESS,NEW YORK,NY,10032,H0NY13108,2020
C00701748,KATHLEEN WILLIAMS FOR MONTANA,BOZEMAN,MT,59771,H8MT01232,2020
C00701896,THE PEOPLE FOR RUSH DARWISH,CHICAGO,IL,60608,H0IL03109,2020
C00702191,CONOLE FOR CONGRESS,SYRACUSE,NY,13201,H0NY24063,2020
C00702209,RAY FOR CONGRESS,TUSTIN,CA,92782,H0CA45103,2020
C00475145,MARINO FOR CONGRESS,WILLIAMSPORT,PA,17703,H0PA10078,2020
C00607416,BRIAN FITZPATRICK FOR CONGRESS,LANGHORNE,PA,19047,H6PA08277,2020
C00694307,FRIENDS OF CAROL H IANNUZZI,LEWISVILLE,TX,75067,H0TX26121,2020
C00607200,SUOZZI FOR CONGRESS,GLEN COVE,NY,11542,H6NY03247,2020
C00698803,KEVIN BAIKO FOR CONGRESS,MOYOCK,NC,27958,H0NC03255,2020
C00703066,HIGHTOWER FOR ALABAMA,MOBILE,AL,36691,H0AL01089,2020
C00703124,MUSCATO FOR CONGRESS,SUN CITY,AZ,85351,H0AZ08072,2020
C00703546,IMAGINE BRETT FOR CONGRESS,SANTA FE,NM,87507,H0NM03094,2020
C00704031,DUVALL FOR CONGRESS,CHERRY HILL,NJ,8034,H0NJ01207,2020
C00704288,SALADINO FOR CONGRESS,STATEN ISLAND,NY,10305,H0NY11086,2020
C00704379,VOTE BRENDA LOPEZ INC,NORCROSS,GA,30091,H0GA07281,2020
C00704437,BURKETT FOR UTAH,ST. GEORGE,UT,84790,H0UT02245,2020
C00367862,MIKE ROGERS FOR CONGRESS,ANNISTON,AL,36201,H2AL03032,2020
C00369801,DAVID SCOTT FOR CONGRESS,RIVERDALE,GA,30296,H2GA13012,2020
C00370056,DEVIN NUNES CAMPAIGN COMMITTEE,VISALIA,CA,932906545,H8CA20059,2020
C00662874,SRI FOR CONGRESS,SUGAR LAND,TX,77478,H8TX22313,2020
C00705020,COMMITTEE TO ELECT JEFF RABINOWITZ,CLEARMONT,FL,34711,H0FL11194,2020
C00705145,OWENS FOR CONGRESS,MABLETON,GA,30126,H0GA13115,2020
C00705244,JAN EDWARDS FOR CONGRESS,ORLANDO,FL,32878,H0FL07119,2020
C00705459,SANJANETTA BARNES FOR CONGRESS,DICKINSON,TX,77539,H0TX14176,2020
C00706234,PAPAZIAN2020,BRONX,NY,10461,H0NY14247,2020
C00706754,CHRISTINE MANN FOR CONGRESS,LEANDER,TX,78641,H8TX31033,2020
C00706747,FRIENDS OF MCCORMICK,SUWANEE,GA,30024,H0GA07273,2020
C00707026,SHANNON HUTCHESON FOR CONGRESS,AUSTIN,TX,78703,H8TX10185,2020
C00707547,DARY FOR CONGRESS,CLOVIS,CA,93613,H0CA22094,2020
C00707620,ROB APODACA FOR CONGRESS,SANTA FE,NM,87502,H0NM03144,2020
C00707661,NAVARRO FOR NEVADA,LAS VEGAS,NV,89136,H0NV04031,2020
C00708941,ANDOM FOR CONGRESS,MOUNT VERNON,NY,10550,H0NY16135,2020
C00709014,BILL SCHAFER FOR CONGRESS,INDIANOLA,IA,50125,H0IA03204,2020
C00709535,CLINT CURTIS FOR CONGRESS,ORLANDO,FL,32807,H0FL06103,2020
C00167585,CITIZENS FOR WATERS,LONG BEACH,CA,90802,H4CA23011,2020
C00700161,FRIENDS OF KEITH SWANK,PUYALLUP,WA,98373,H2WA08166,2020
C00083428,SENSENBRENNER COMMITTEE,BROOKFIELD,WI,53008,H8WI09050,2020
C00670943,ROOT FOR CITIZEN CONGRESSMAN,DURANGO,CO,81302,H8CO03234,2020
C00680918,CASE FOR CONGRESS,HONOLULU,HI,96802,H2HI02128,2020
C00689554,OMAR2020,CORAL SPRINGS,FL,33067,H0FL22050,2020
C00313510,PASCRELL FOR CONGRESS,TEANECK,NJ,7666,H6NJ08118,2020
C00458877,KINZINGER FOR CONGRESS,OTTAWA,IL,613506965,H0IL11052,2020
C00649459,DIANE FOR COLORADO CD3,STEAMBOAT SPRINGS,CO,80477,H8CO03192,2020
C00716191,LOGAN WILDE FOR CONGRESS,MORGAN,UT,84050,H0UT01122,2020
C00555888,FRIENDS OF DON BEYER,ALEXANDRIA,VA,223146233,H4VA08224,2020
C00166504,VISCLOSKY FOR CONGRESS,MERRILLVILLE,IN,46411,H4IN01012,2020
C00701375,FRIENDS OF CHRIS LEWIS,FLORENCE,AL,35631,H0AL05205,2020
C00702100,RUZZICONI FOR CONGRESS,IRON RIVER,MI,49935,H0MI01203,2020
C00707984,VICTOR GARCIA DA ROSA FOR CONGRESS,LAKE WORTH,FL,33463,H0FL21052,2020
C00244335,CITIZENS FOR ELEANOR HOLMES NORTON,WASHINGTON,DC,20007,H0DC00058,2020
C00577353,BARRAGAN FOR CONGRESS,SAN PEDRO,CA,90731,H6CA44103,2020
C00578302,LOU CORREA FOR CONGRESS,SACRAMENTO,CA,95834,H6CA46116,2020
C00608695,MIKE JOHNSON FOR LOUISIANA,METAIRIE,LA,70006,H6LA04138,2020
C00331397,SIMPSON FOR CONGRESS,BLACKFOOT,ID,832211667,H8ID02064,2020
C00285171,RE-ELECT MCGOVERN COMMITTEE,WORCESTER,MA,1606,H4MA03022,2020
C00640938,JOAN GREENE FOR CONGRESS,PHOENIX,AZ,85044,H8AZ05154,2020
C00641563,LAW FOR CONGRESS,JACKSONVILLE,NC,28546,H8NC03068,2020
C00424713,COMMITTEE TO ELECT ALAN GRAYSON,WINDERMERE,FL,34786,H6FL08213,2020
C00514893,PEOPLE FOR DEREK KILMER,TACOMA,WA,98402,H2WA06129,2020
C00213512,NANCY PELOSI FOR CONGRESS,WASHINGTON,DC,20005,H8CA05035,2020
C00659078,PAT HACKETT FOR CONGRESS,SOUTH BEND,IN,46660,H8IN02177,2020
C00386532,LOUIE GOHMERT FOR CONGRESS COMMITTEE,TYLER,TX,75711,H4TX04039,2020
C00597716,COMMITTEE TO ELECT TIMMY WESTLEY,SELMA,TX,78154,H6TX15204,2020
C00673194,BOB MUSSELWHITE FOR CONGRESS,LITCHFIELD PARK,AZ,853400053,H8AZ08232,2020
C00635888,AMMAR CAMPA FOR CONGRESS,SACRAMENTO,CA,95841,H8CA50098,2020
C00640003,MIKIE SHERRILL FOR CONGRESS,MONTCLAIR,NJ,7043,H8NJ11142,2020
C00693176,COMMITTEE TO ELECT JOE WALZ,RICHMOND,TX,77406,H0TX22153,2020
C00422980,COHEN FOR CONGRESS,MEMPHIS,TN,38112,H6TN09068,2020
C00195628,PRICE FOR CONGRESS,RALEIGH,NC,27602,H6NC04037,2020
C00698449,RIDENHOUR FOR CONGRESS,CHARLOTTE,NC,28220,H0NC09161,2020
C00698597,EARL LACKIE FOR CONGRESS,FLINT,MI,48501,H0MI05121,2020
C00699009,KNOBLOCK FOR CONGRESS,LA MESA,CA,91942,H0CA49121,2020
C00202416,JOHN LEWIS FOR CONGRESS,ATLANTA,GA,30301,H6GA05217,2020
C00703322,ANNETTE MCDONALD TRANI FOR CONGRESS,LONG BEACH,CA,90802,H0CA44148,2020
C00704197,MG SALAZAR FOR CONGRESS,KANSAS CITY,MO,64130,H0MO05182,2020
C00709352,COMMITTEE TO ELECT STEVEN ERICH HUBBARD,MCMINNVILLE,TN,37110,H0TN47012,2020
C00704601,COMMITTEE TO ELECT EVERETT STERN FOR CONGRESS,DULLES,VA,20166,H0PA06159,2020
C00699777,CHIMER CLARK FOR CONGRESS,NEWPORT,NC,28570,H0NC03289,2020
C00703272,WILEY FOR CONGRESS,SALTER PATH ,NC,285750588,H0NC09229,2020
C00557652,NORMA TORRES FOR CONGRESS,COVINA,CA,91722,H4CA35031,2020
C00565366,JOHN MILLS FOR CONGRESS,MIRAMAR BEACH,FL,32550,H6FL01143,2020
C00694091,EVA PUTZOVA FOR CONGRESS,FLAGSTAFF,AZ,86002,H0AZ01358,2020
C00695361,FELTS FOR CONGRESS,SAN ANTONIO,TX,78216,H0TX21114,2020
C00154625,KAPTUR FOR CONGRESS,TOLEDO,OH,43697,H2OH09031,2020
C00477745,WOMACK FOR CONGRESS COMMITTEE,ROGERS,AR,727570508,H0AR03055,2020
C00271312,COMMITTEE TO RE-ELECT NYDIA M. VELAZQUEZ TO CONGRESS,GAITHERSBURG,MD,20878,H2NY00010,2020
C00641381,MCCREADY FOR CONGRESS,CHARLOTTE,NC,282779770,H8NC09123,2020
C00699660,BISHOP FOR CONGRESS,CHARLOTTE,NC,28211,H0NC09187,2020
C00565465,MR SMITH FOR CONGRESS,GOSHEN,NY,10924,H4NY18109,2020
C00502229,WEBER FOR CONGRESS,FRIENDSWOOD,TX,77546,H2TX14149,2020
C00681387,TOM HARRISON FOR CONGRESS,OREGON CITY,OR,97045,H8OR03102,2020
C00684621,FRIENDS OF TOM HARRISON,OREGON CITY,OR,97045,H8OR03102,2020
C00552711,FRIENDS TO ELECT LATERESA A JONES,MIRAMAR,FL,33023,H0FL20112,2020
C00304709,ADAM SMITH FOR CONGRESS COMMITTEE,RENTON,WA,98057,H6WA09025,2020
C00657155,TIFFANY SHEDD FOR CONGRESS COMMITTEE,CASA GRANDE,AZ,85122,H8AZ01237,2020
C00672477,JOEY NATIONS FOR CONGRESS,SALEM,OR,97301,H8OR05206,2020
C00673145,DANA COTTRELL CAMPAIGN ACCOUNT,SPRING HILL,FL,34608,H8FL11130,2020
C00410639,PERLMUTTER FOR CONGRESS,WHEAT RIDGE,CO,80033,H6CO07023,2020
C00680488,"FRIENDS OF DENVER RIGGLEMAN, INC.",NELLYSFORD,VA,22958,H8VA05171,2020
C00697987,ZINA SPEZAKIS FOR CONGRESS,TENAFLY,NJ,7670,H0NJ09176,2020
C00698191,DR GRACE I. WILLIAMS FOR CONGRESS 2020,PERRIS,CA,92572,H0CA49113,2020
C00698407,RICHARD BEW FOR CONGRESS,BEAUFORT,NC,28516,H0NC03198,2020
C00703520,AMY POPE WELLS FOR CONGRESS,ORANGE PARK,FL,32073,H0FL03159,2020
C00706564,LERAH LEE FOR CONGRESS,DULUTH,GA,30096,H0GA07265,2020
C00634253,MIKE LEVIN FOR CONGRESS,CAPISTRANO BEACH,CA,92624,H8CA49058,2020
C00699132,BOVILLE FOR CONGRESS,AUSTIN,TX,78703,H0TX21122,2020
C00705087,URBINA FOR CONGRESS,HYATTSVILLE,MD,20784,H0MD05191,2020
C00701177,MERRITT FOR CONGRESS,SAVANNAH,GA,31410,H0GA01060,2020
C00708214,NIKKA PITERMAN FOR CONGRESS,OAKLAND,CA,94618,H0CA13127,2020
C00709881,BECKWITH FOR CONGRESS,NOBLESVILLE,IN,46061,H0IN05201,2020
C00697649,FRIENDS TO ELECT DR. GREG MURPHY TO CONGRESS,GREENVILLE,NC,27858,H0NC03172,2020
C00462374,CRAWFORD FOR CONGRESS,JONESBORO,AR,72403,H0AR01083,2020
C00691790,SEAN FRAME FOR CONGRESS,PLACERVILLE,CA,95667,H0CA04167,2020
C00693663,FEENSTRA FOR CONGRESS,HULL,IA,51239,H0IA04145,2020
C00096412,FRIENDS OF CHRIS SMITH,HAMILTON,NJ,86190184,H8NJ04014,2020
C00694208,RICHARDS FOR CONGRESS,IRWIN,IA,51446,H0IA04129,2020
C00694216,MARQUS COLE FOR CONGRESS,SNELLVILLE,GA,30078,H0GA07190,2020
C00694265,"BEACH FOR CONGRESS, INC.",ALPHARETTA,GA,30009,H0GA06168,2020
C00694547,DUANE WHITMER FOR CONGRESS,HAMBURG,NY,14085,H0NY27082,2020
C00694604,KAHELE FOR CONGRESS,HILO,HI,96720,H0HI02155,2020
C00694653,TOM PHILLIPS FOR CONGRESS,SCOTCH PLAINS,NJ,7076,H0NJ07253,2020
C00694687,TAYLOR FOR CONGRESS,SIOUX CITY,IA,51104,H0IA04137,2020
C00694778,NICOLE FOR NEW YORK,STATEN ISLAND,NY,10306,H0NY11078,2020
C00695486,DAR FOR CONGRESS,JAMAICA PLAIN,MA,2130,H0MA08037,2020
C00695866,KUMAR FOR CONGRESS 2020,SARATOGA,CA,95070,H0CA18068,2020
C00696146,ELISA CARDNELL FOR CONGRESS,HOUSTON,TX,77266,H0TX02080,2020
C00172619,DAVIS FOR CONGRESS/FRIENDS OF DAVIS,CHICAGO,IL,60644,H4IL07037,2020
C00200584,UPTON FOR ALL OF US,SAINT JOSEPH,MI,490850490,H6MI04113,2020
C00226522,RICHARD E NEAL FOR CONGRESS COMMITTEE,SPRINGFIELD,MA,1108,H8MA02041,2020
C00236513,ENGEL FOR CONGRESS,BRONXVILLE,NY,10708,H8NY19058,2020
C00646372,IAN TODD FOR CONGRESS,SAUK RAPIDS,MN,56379,H8MN06096,2020
C00668483,GINA COLLIAS FOR CONGRESS CAMPAIGN,KINGS MOUNTAIN,NC,28086,H8NC10113,2020
C00696245,FRIENDS OF AGATHA,SAN FRANCISCO,CA,94118,H0CA12111,2020
C00696401,JEFF WHEELAND FOR CONGRESS,ALEXANDRIA,VA,22313,H0PA12173,2020
C00696963,RODRIGUEZ FOR CONGRESS 2020,WATERBURY,CT,6704,H0CT05192,2020
C00697052,FRED KELLER FOR CONGRESS,LEWISBURG,PA,17837,H0PA12181,2020
C00697144,NABILAH FOR GEORGIA,LAWRENCEVILLE,GA,30044,H0GA07208,2020
C00697524,LIAM O'MARA FOR CONGRESS,SACRAMENTO,CA,95841,H0CA42217,2020
C00697540,DURAN FOR CONGRESS,DENVER,CO,80221,H0CO01136,2020
C00697789,JERRY CARL FOR CONGRESS,MOBILE,AL,36685,H0AL01055,2020
C00697920,GEORGE PHILLIPS FOR CONGRESS,ENDICOTT,NY,13761,H6NY22098,2020
C00698001,COMMITTEE TO ELECT ALLEN SMITH,CHARLOTTE,NC,28277,H0NC09153,2020
C00698068,LAUREN ASHCRAFT FOR CONGRESS,NEW YORK,NY,10163,H0NY12175,2020
C00698134,GANDHI FOR TEXAS,AUSTIN,TX,78766,H0TX10216,2020
C00254573,EDDIE BERNICE JOHNSON FOR CONGRESS,DALLAS,TX,75207,H2TX00015,2020
C00256925,SCOTT FOR CONGRESS,NEWPORT NEWS,VA,23607,H6VA01117,2020
C00257121,CITIZENS FOR RUSH,CHICAGO,IL,606807292,H2IL01042,2020
C00266940,SANFORD BISHOP FOR CONGRESS,COLUMBUS,GA,31902,H2GA02031,2020
C00272211,PETE KING FOR CONGRESS COMMITTEE,SEAFORD,NY,11783,H2NY03089,2020
C00698522,IKE JOHNSON FOR CONGRESS,JACKSONVILLE,NC,28546,H0NC03214,2020
C00698530,JOAN PERRY FOR CONGRESS,RALEIGH,NC,27624,H0NC03222,2020
C00698563,MCKAYLA WILKES FOR CONGRESS,DULLES,VA,20166,H0MD05183,2020
C00698605,CITIZENS FOR MAT PRUNEDA,DENTON,TX,76201,H0TX26139,2020
C00698613,ALBERT CHESTER FOR CONGRESS,JACKSONVILLE,FL,32277,H0FL05147,2020
C00698670,SEDGWICK FOR CONGRESS,LAGUNA HILLS,CA,92653,H0CA45087,2020
C00698779,ANN ASHFORD FOR CONGRESS,OMAHA,NE,68124,H0NE02169,2020
C00699249,STEPHANIE RIMMER FOR CONGRESS,SCOTTSDALE,AZ,85260,H0AZ06068,2020
C00699272,JOHN MCCANN FOR CONGRESS,HACKENSACK,NJ,7602,H8NJ05136,2020
C00699512,ERIC ROUSE FOR US CONGRESS,KINSTON,NC,28504,H0NC03271,2020
C00699579,TANIA BURGESS FOR CONGRESS INC,CHANDLER,TX,75758,H0TX32046,2020
C00699629,DAVID GREENE FOR CONGRESS,HARRAH,OK,73045,H0OK05197,2020
C00699926,JENNIFER BARBOSA FOR CONGRESS,GLENDALE,CA,91202,H0CA28141,2020
C00700559,GREG RATHS FOR CONGRESS 2020,MISSION VIEJO,CA,92692,H4CA45089,2020
C00445452,CONNOLLY FOR CONGRESS,MERRIFIELD,VA,22116,H8VA11062,2020
C00451336,RICHMOND FOR CONGRESS,NEW ORLEANS,LA,70112,H8LA02054,2020
C00454694,MARCIA FUDGE FOR CONGRESS,UNIVERSITY HEIGHTS,OH,44118,H8OH11141,2020
C00461806,PAUL GOSAR FOR CONGRESS,PRESCOTT,AZ,86302,H0AZ01259,2020
C00700583,FLETCHER FOR CONGRESS,DALLAS,TX,75211,H0TX24159,2020
C00700641,COMMITTEE TO ELECT LEIGH BROWN,HARRISBURG,NC,28075,H0NC09203,2020
C00700732,TOMAS FOR CONGRESS,THE BRONX,NY,10451,H0NY15178,2020
C00700807,PEGGY FOR CONGRESS,IRVINE,CA,92604,H0CA45095,2020
C00700898,COMMITTEE TO ELECT SAM PETERS,LAS VEGAS,NV,89131,H0NV04023,2020
C00700922,SCOTT COOPER FOR CONGRESS,WAKE FOREST,NC,27588,H0NC02083,2020
C00700930,COMMITTEE TO ELECT PETER KHALIL,VANCOUVER,WA,98665,H0WA03237,2020
C00700955,SUZETTE MARTINEZ VALLADARES FOR CONGRESS,ACTON,CA,93510,H0CA25097,2020
C00700963,WINTER FOR MONTANA,MISSOULA,MT,59807,H0MT00090,2020
C00700997,FREELAND FOR CONGRESS,COLORADO SPRINGS,CO,80925,H0CO05129,2020
C00701003,HUNT FOR CONGRESS,HOUSTON,TX,77056,H0TX07170,2020
C00701052,ADAIR FOR CONGRESS,COLUMBIA,SC,29260,H0SC02061,2020
C00701086,TIMKO FOR PA,CRANBERRY TWP,PA,16066,H0PA17099,2020
C00701102,MIKE GARCIA FOR CONGRESS,NEWPORT BEACH,CA,92660,H0CA25105,2020
C00701144,IRINA VILARINO FOR CONGRESS,DORAL,FL,33178,H0FL26010,2020
C00701185,JOSE FOR CONGRESS,SACRAMENTO,CA,95841,H0CA53073,2020
C00701227,ROGER MISSO FOR CONGRESS,LIVERPOOL,NY,13089,H0NY24055,2020
C00701250,REINIER CONGRESS 2020,TAMPA,FL,33606,H0NJ11131,2020
C00701284,CHRIS BUBSER FOR CONGRESS,MAMMOTH LAKES,CA,93546,H0CA08101,2020
C00701318,MARC FLORES FOR CONGRESS,HOUSTON,TX,77292,H0TX18268,2020
C00701334,PERRY GERSHON FOR CONGRESS,EAST HAMPTON,NY,11937,H8NY01155,2020
C00545673,BYRNE FOR CONGRESS,MOBILE,AL,36652,H4AL01123,2020
C00548180,WESTERMAN FOR CONGRESS,HOT SPRINGS,AR,71903,H4AR04048,2020
C00552547,ZELDIN FOR CONGRESS,SHIRLEY,NY,11967,H8NY01148,2020
C00552588,BRENDA LAWRENCE FOR CONGRESS,SOUTHFIELD,MI,48037,H2MI14111,2020
C00558213,DEBBIE DINGELL FOR CONGRESS,DEARBORN,MI,48124,H4MI12079,2020
C00558627,GALLEGO FOR ARIZONA,PHOENIX,AZ,85001,H4AZ07043,2020
C00701417,ALBERT LEE FOR CONGRESS,PORTLAND,OR,97280,H0OR03125,2020
C00701433,CHELE FARLEY FOR CONGRESS INC.,TUXEDO,NY,10987,H0NY18172,2020
C00701490,MARK GAMBA FOR CONGRESS,MILWAUKIE,OR,97269,H0OR05096,2020
C00701557,WES LAMBERT FOR CONGRESS,SPANISH FORT,AL,36527,H0AL01063,2020
C00701599,JON HOADLEY FOR CONGRESS,KALAMAZOO,MI,49005,H0MI06152,2020
C00701706,KIMFORCONGRESS,ADDISON,TX,75001,H0TX24167,2020
C00701730,ELLIS FOR CONGRESS,FESTUS,MO,63028,H8MO08098,2020
C00701763,JASON MROCHEK FOR TEXAS,FRISCO,TX,75033,H0TX26147,2020
C00701847,DICKINSON FOR CONGRESS COMMITTEE,SWISSVALE,PA,15218,H0PA18097,2020
C00701862,REV RUBEN DIAZ FOR CONGRESS,BRONX,NY,10460,H0NY15186,2020
C00701946,ANGELA UNDERWOOD JACOBS FOR CONGRESS,LANCASTER,CA,93536,H0CA25113,2020
C00701953,ADRIANO ESPAILLAT FOR CONGRESS,NEW YORK,NY,10034,H2NY13096,2020
C00702076,AISHA WAHAB FOR CONGRESS,SACRAMENTO,CA,95815,H0CA15213,2020
C00702126,AMANDA FRANKEL FOR CONGRESS,BROOKLYN,NY,11218,H0NY10062,2020
C00702225,CANDACE FOR 24,DALLAS,TX,75370,H0TX24175,2020
C00702399,JOSEPH SANCHEZ FOR CONGRESS,ALCALDE,NM,87511,H0NM03078,2020
C00368522,JOE WILSON FOR CONGRESS,WEST COLUMBIA,SC,291712145,H2SC02059,2020
C00373563,KING FOR CONGRESS,WALL LAKE,IA,514660398,H2IA05072,2020
C00376673,DUTCH RUPPERSBERGER FOR CONGRESS COMMITTEE,LUTHERVILLE,MD,21094,H2MD02160,2020
C00379735,COLE FOR CONGRESS,NORMAN,OK,73070,H2OK04055,2020
C00703199,CINDY SIEGEL FOR CONGRESS,BELLAIRE,TX,77401,H0TX07188,2020
C00703231,LINDSEY BOYLAN FOR CONGRESS,NEW YORK,NY,10011,H0NY10070,2020
C00703363,MARLA LIVENGOOD FOR CONGRESS 2020,SANTA ANA,CA,92704,H0CA10263,2020
C00703488,CITIZENS FOR EVELYN,WHEATON,IL,60189,H0IL06052,2020
C00703579,SHEILA GRIFFIN FOR CONGRESS,CLEARWATER,FL,33762,H0FL13125,2020
C00703603,MICHAEL BLAKE FOR CONGRESS,NEW YORK,NY,10185,H0NY15194,2020
C00703736,GRADEL FOR CONGRESS,NAPERVILLE,IL,60567,H0IL14163,2020
C00464032,TOM REED FOR CONGRESS,CORNING,NY,14830,H0NY29054,2020
C00469882,KILILI FOR CONGRESS,SAIPAN,MP,96950,H8MP00041,2020
C00472704,JAIME FOR CONGRESS,RIDGEFIELD,WA,986420020,H0WA03187,2020
C00477323,PALAZZO FOR CONGRESS,GULFPORT,MS,39506,H0MS04120,2020
C00482307,ROB WOODALL FOR CONGRESS,LAWRENCEVILLE,GA,300461871,H0GA07133,2020
C00703785,CHARLES DOSSETT FOR CONGRESS,CERES,CA,95307,H0CA10248,2020
C00703843,BICE FOR CONGRESS,OKLAHOMA CITY,OK,73156,H0OK05205,2020
C00704049,TERESA FOR ALL,SANTA FE,NM,87504,H0NM03102,2020
C00704064,NEESE FOR CONGRESS,OKLAHOMA CITY,OK,73157,H0OK05213,2020
C00704262,COMMITTEE TO ELECT DANIEL SMITH JR,MARS,PA,16046,H0PA16026,2020
C00704270,TOM NORTON FOR CONGRESS,ADA,MI,48301,H0MI03266,2020
C00704643,"FRIENDS OF TINA RAMIREZ, INC.",NORTH CHESTERFIELD,VA,23235,H0VA07109,2020
C00704650,BRYNNE KENNEDY FOR CONGRESS,ROCKLIN,CA,95677,H0CA04175,2020
C00704957,MARK CRIPE FOR CONGRESS,LONG BEACH,CA,90802,H0CA25121,2020
C00704981,MICHELLE STEEL FOR CONGRESS,SURFSIDE,CA,90743,H0CA48198,2020
C00704999,ROB ROLLASON FOR CONGRESS,NAGS HEAD,NC,27858,H0NC03388,2020
C00705160,WOOLWORTH FOR CONGRESS,IRVINE,CA,92614,H0CA45111,2020
C00705327,BEN BULLOCK FOR CONGRESS INC.,ATLANTA,GA,30342,H0GA07257,2020
C00290825,NADLER FOR CONGRESS,NEW YORK,NY,10024,H2NY17071,2020
C00301838,STEVE CHABOT FOR CONGRESS,CINCINNATI,OH,452027712,H8OH01043,2020
C00308742,SHERMAN FOR CONGRESS,LOS ANGELES,CA,90017,H6CA24113,2020
C00313247,ROBERT ADERHOLT FOR CONGRESS,HALEYVILLE,AL,35565,H6AL04098,2020
C00705350,ERICH FOR MISSOURI,BOONVILLE,MO,65233,H0MO04227,2020
C00705483,VALERIE PLAME FOR CONGRESS,SANTA FE,NM,87501,H0NM03110,2020
C00706051,DR. LISA SPARKS FOR CONGRESS,NEWPORT BEACH,CA,92660,H0CA45129,2020
C00706168,KIM FOR CONGRESS,MERCED,CA,95340,H0CA16112,2020
C00706226,IHSSANE FOR CONGRESS,BROOKLINE,MA,2446,H0MA04143,2020
C00706242,JOHNNY TEAGUE FOR CONGRESS CAMPAIGN COMMITTEE,HOUSTON,TX,77082,H0TX09176,2020
C00706259,KINA FOR CONGRESS,CHICAGO,IL,60610,H0IL07167,2020
C00706267,ASHLEY HINSON FOR CONGRESS,MARION,IA,52302,H0IA01174,2020
C00706325,MARCO FOR CONGRESS,SANTA FE,NM,87504,H0NM03136,2020
C00706333,BOB ELLIOTT FOR CONGRESS,TRACY,CA,95377,H0CA10271,2020
C00706457,RITA HART FOR IOWA,WHEATLAND,IA,52777,H0IA02156,2020
C00706622,WIECKOWSKI FOR CONGRESS,FREMONT,CA,94538,H0CA15221,2020
C00706671,FRANCES YASMEEN MOTIWALLA FOR CONGRESS,LOS ANGELES,CA,90026,H0CA34115,2020
C00706788,JACOBS FOR CONGRESS,HAMBURG,NY,14075,H0NY27090,2020
C00707257,JIM KENNEDY FOR CONGRESS,MERRITT ISLAND,FL,32954,H0FL08224,2020
C00390476,CATHY MCMORRIS RODGERS FOR CONGRESS,SPOKANE,WA,992100137,H4WA05077,2020
C00391029,JIM COSTA FOR CONGRESS,FRESNO,CA,937111200,H4CA20082,2020
C00393348,KENNY MARCHANT FOR CONGRESS,CARROLLTON,TX,750110187,H4TX24094,2020
C00395467,JEFF FORTENBERRY FOR UNITED STATES CONGRESS,LINCOLN,NE,68503,H4NE01064,2020
C00395848,CLEAVER FOR CONGRESS,KANSAS CITY,MO,64141,H4MO05234,2020
C00398941,NEW YORKERS FOR YVETTE D CLARKE,BROOKLYN,NY,11225,H4NY11138,2020
C00707331,COMMITTEE TO ELECT DOUG MEYER FOR CONGRESS,WINCHESTER,TN,37398,H0TN04260,2020
C00707430,JIM LOWER FOR CONGRESS,LANSING,MI,48901,H0MI03274,2020
C00707505,CANNING FOR CONGRESS,SACRAMENTO,CA,95815,H0OR04099,2020
C00707612,"NICOLE RODDEN FOR CONGRESS, INC.",MARIETTA,GA,30007,H0GA06184,2020
C00707638,DIANE FOR COLORADO CD3,STEAMBOAT SPRINGS,CO,80477,H8CO03192,2020
C00707836,BURDICK FOR CONGRESS 2020,SACRAMENTO,CA,95864,H0CA07129,2020
C00707943,RUBANDO FOR CONGRESS,BOWLING GREEN,OH,43402,H0OH05074,2020
C00708156,FRIENDS OF ERICA FOR CONGRESS,NEW YORK,NY,10065,H0NY12183,2020
C00708263,AMANDA MAKKI FOR CONGRESS,ST PETERSBURG,FL,33743,H0FL13133,2020
C00708289,GREENE FOR CONGRESS,ALPHARETTA,GA,30005,H0GA06192,2020
C00708412,"UNTERMAN FOR CONGRESS, INC.",BUFORD,GA,30519,H0GA07299,2020
C00708479,ARBALLO FOR CONGRESS,FRESNO,CA,93650,H0CA22102,2020
C00708529,BOBBY BLIATOUT FOR CONGRESS,SACRAMENTO,CA,95841,H8CA22154,2020
C00708875,KATHY LANDING FOR CONGRESS,CHARLESTON,SC,29417,H0SC01386,2020
C00709006,JESSICA CISNEROS FOR CONGRESS,LAREDO,TX,78045,H0TX28077,2020
C00709063,MURRAY HOLCOMB FOR CONGRESS,ROUND ROCK,TX,78680,H0TX31089,2020
C00496760,AMODEI FOR NEVADA,CARSON CITY,NV,89703,H2NV02395,2020
C00497396,TULSI FOR HAWAI'I,KAPOLEI,HI,96707,H2HI02508,2020
C00498667,MARK TAKANO FOR CONGRESS,RIVERSIDE,CA,92517,H2CA43245,2020
C00499392,VALADAO FOR CONGRESS,FRESNO,CA,93704,H2CA20094,2020
C00499467,TITUS FOR CONGRESS,LAS VEGAS,NV,89170,H8NV03036,2020
C00502294,SWALWELL FOR CONGRESS,DUBLIN,CA,94568,H2CA15094,2020
C00709519,NICK COLVIN FOR CONGRESS,GRAND RAPIDS,MI,49501,H0MI03282,2020
C00709832,JOHN HSU FOR CONGRESS,WOODBRIDGE,NJ,7095,H0NJ06214,2020
C00709915,STAPLETON FOR MONTANA,HELENA,MT,59624,H4MT01033,2020
C00710103,NANCY MACE FOR CONGRESS,CHARLESTON,SC,29492,H0SC01394,2020
C00710111,JACQUELINE TSENG FOR CONGRESS,DULUTH,GA,30096,H0GA07315,2020
C00343871,SCHIFF FOR CONGRESS,LOS ANGELES,CA,90017,H0CA27085,2020
C00345546,CITIZENS TO ELECT RICK LARSEN,EVERETT,WA,98206,H0WA02080,2020
C00289603,LOFGREN FOR CONGRESS,SAN JOSE,CA,95126,H4CA16049,2020
C00415331,CLARKE FOR CONGRESS,HOLLIS,NY,11412,H4NY11138,2020
C00433524,DUNCAN D. HUNTER FOR CONGRESS,EL CAJON,CA,92022,H8CA52052,2020
C00434191,HIMES FOR CONGRESS,FAIRFIELD,CT,6824,H8CT04172,2020
C00536680,HUFFMAN FOR CONGRESS,SAN RAFAEL,CA,94915,H2CA06259,2020
C00545467,HURD FOR CONGRESS,SAN ANTONIO,TX,78245,H0TX23086,2020
C00676668,ROSS SPANO FOR CONGRESS,SEFFNER,FL,33584,H8FL15230,2020
C00677898,FRIENDS OF JAHANA HAYES,WATERBURY,CT,6721,H8CT05245,2020
C00468256,BUCSHON FOR CONGRESS,NEWBURGH,IN,476290250,H0IN08114,2020
C00680934,ILHAN FOR CONGRESS,MINNEAPOLIS,MN,55415,H8MN05239,2020
C00681544,TED HOWZE FOR CONGRESS 2020,HILMAR,CA,95324,H8CA10209,2020
C00683656,MENEFEE FOR CONGRESS,STAFFORD,TX,77477,H0TX09168,2020
C00651547,JOHNNY FOR CONGRESS,GLENDALE,CA,91204,H0CA27127,2020
C00691709,FRIENDS OF MICHAEL WEINSTOCK,GREAT NECK ,NY,11022,H0NY03059,2020
C00696872,JIM 2020 COMMITTEE,SUGAR GROVE,IL,60554,H8IL14083,2020
C00700757,DOUG FOR MICHIGAN,GRAND RAPIDS,MI,49516,H0MI03241,2020
C00678292,COMMITTEE TO ELECT NANCY DAILEY SLOTNICK,PUYALLUP,WA,98371,H8WA10037,2020
C00679720,SAMUEL LEE WILLIAMS JR FOR CONGRESS,EL PASO,TX,79934,H8TX16166,2020
C00691758,KUZMICH FOR CONGRESS,LEWISVILLE,TX,75057,H0TX24142,2020
C00664185,RODOLFO CORTES BARRAGAN COMMITTEE TO ELECT FOR CONGRESS,PARAMOUNT,CA,90723,H8CA40206,2020
C00698241,ARMANI SALADO FOR CONGRESS,WINTER SPRINGS,FL,32708,H0FL07093,2020
C00703504,HOMRICH FOR CONGRESS,ATLANTA,GA,30325,H0GA07224,2020
C00695874,GETTING REPUBLICANS ELECTED FOR GENERATIONS PAC (GREG PAC),WASHINGTON,DC,20003,H8FL17053,2020
C00705236,JOE COLLINS FOR CONGRESS,LOS ANGELES,CA,90045,H0CA43108,2020
C00664797,FRIENDS FOR THORNTON,CARMEL,IN,46033,H8IN05188,2020
C00450049,PAUL TONKO FOR CONGRESS,ALBANY,NY,12206,H8NY21203,2020
C00708388,LIGON 4 CONGRESS,SIERRA VISTA,AZ,85635,H0AZ02224,2020
C00711226,REDMOND FOR CONGRESS,RISON,AR,71665,H0AR02198,2020
C00675785,COMMITTEE TO ELECT JOE PROFIT; THE,COVINGTON,GA,30016,H8GA04125,2020
C00648287,"THE COMMITTEE TO ELECT LISA RING, LLC",SAVANNAH,GA,31419,H8GA01063,2020
C00657411,CONOR LAMB FOR CONGRESS,PITTSBURGH,PA,15234,H8PA18181,2020
C00559393,DAN NEWHOUSE FOR CONGRESS,YAKIMA,WA,989091949,H4WA04104,2020
C00473272,DENHAM FOR CONGRESS,GRANITE BAY,CA,95746,H0CA19173,2020
C00509422,DOUG LAMALFA COMMITTEE,GRANITE BAY,CA,95746,H2CA02142,2020
C00650622,SCHOLTEN4IOWA CAMPAIGN COMMITTEE,SIOUX CITY,IA,51102,H8IA04106,2020
C00648675,FRIENDS OF KEVIN GAITHER,CHARLESTON,IL,61920,H8IL15072,2020
C00676320,UNITED FORWARD 2020 BENZEL FOR CONGRESS,ROCKLIN,CA,95677,H0CA04183,2020
C00646844,CINDY AXNE FOR CONGRESS,WEST DES MOINES,IA,50265,H8IA03124,2020
C00671859,MARIA ELVIRA SALAZAR FOR CONGRESS,MIAMI,FL,332558033,H8FL27185,2020
C00416594,JIM JORDAN FOR CONGRESS,URBANA,OH,430789637,H6OH04082,2020
C00701110,TRACY JENNINGS FOR CONGRESS,WESTCHESTER,IL,60154,H0IL07159,2020
C00649483,BETSY DIRKSEN LONDRIGAN FOR CONGRESS,SPRINGFIELD,IL,627050275,H8IL13150,2020
C00713800,MARK DUMDEI FOR CONGRESS,DALLAS,TX,75231,H0TX32061,2020
C00694935,FRIENDS OF NYANZA DAVIS MOORE,PEARLAND,TX,77584,H0TX22161,2020
C00219881,NITA LOWEY FOR CONGRESS,WHITE PLAINS,NY,10605,H8NY20056,2020
C00259143,LUCILLE ROYBAL-ALLARD FOR CONGRESS,WASHINGTON,DC,20003,H2CA33048,2020
C00693648,KENNETH BELVIN FOR CONGRESS,NEW ROCHELLE,NY,10802,H0NY16127,2020
C00554949,FRIENDS OF DAVE BRAT INC.,GLEN ALLEN,VA,23058,H4VA07143,2020
C00700971,JFK ORGANIZERS,NEW YORK,NY,10037,H0NY13124,2020
C00702282,COMMITTEE TO ELECT DON COX FOR CONGRESS,BELHAVEN,NC,27810,H9NC03017,2020
C00498568,FRIENDS OF CHERI BUSTOS,WASHINGTON,DC,20035,H2IL17071,2020
C00683391,FRIENDS OF FRED WYSOCKI,PROVIDENCE ,RI,2940,H8RI01092,2020
C00697250,"SANDY SMITH FOR SENATE, INC.",GREENVILLE,NC,27836,H0NC03149,2020
C00708511,MARA FOR CALIFORNIA,ENCINITAS,CA,92023,H0CA49139,2020
C00499947,FRIENDS OF DAN KILDEE,FLINT,MI,48501,H2MI05119,2020
C00503110,SCOTT PETERS FOR CONGRESS,SAN DIEGO,CA,92192,H2CA52089,2020
C00553859,DR. BRIAN BABIN FOR CONGRESS,WOODVILLE,TX,759790159,H6TX02079,2020
C00662668,MIKE SIEGEL FOR CONGRESS,AUSTIN,TX,78701,H8TX10110,2020
C00647214,TOM WELLS FOR CONGRESS,GAINESVILLE,FL,32601,H8FL03020,2020
C00610212,MIKE GALLAGHER FOR WISCONSIN,GREEN BAY,WI,54305,H6WI08155,2020
C00649004,MCLEOD-SKINNER FOR OREGON,REDMOND,OR,97756,H8OR02161,2020
C00699181,COLONEL DELUCA FOR CONGRESS,RALEIGH,NC,27613,H0NC03263,2020
C00701508,JOSHUA COLLINS CAMPAIGN COMMITTEE,OLYMPIA,WA,98501,H0WA10018,2020
C00707521,STEVE FOR CONGRESS,BUNNLEVEL,NC,28323,H0NC02091,2020
C00648295,RUSS FULCHER FOR IDAHO,MERIDIAN,ID,836801375,H8ID01124,2020
C00659177,WILLIAMS FOR MONTANA,BOZEMAN,MT,59771,H8MT01232,2020
C00668335,MICHAEL SAN NICOLAS FOR CONGRESS,DEDEDO,GU,96929,H8GU01020,2020
C00669358,SCANLON FOR CONGRESS,SWARTHMORE,PA,19081,H8PA07200,2020
C00443689,PEOPLE FOR BEN,SANTA FE,NM,87594,H8NM03196,2020
C00495846,ANN WAGNER FOR CONGRESS,BALLWIN,DC,63022,H2MO02102,2020
C00502310,FELICIA HARRIS HOSS FOR CONGRESS,PEARLAND,TX,77581,H2TX14123,2020
